"","puppy","date","M","N"
"1","Anya 1",2019-10-01,249.425490196078,1020
"2","Anya 1",2019-10-02,342.069607843137,1020
"3","Anya 1",2019-10-03,289.71862745098,1020
"4","Anya 1",2019-10-04,345.789215686275,1020
"5","Anya 1",2019-10-05,371.407843137255,1020
"6","Anya 1",2019-10-06,313.849019607843,1020
"7","Anya 1",2019-10-07,362.23137254902,1020
"8","Anya 1",2019-10-08,359.497058823529,1020
"9","Anya 1",2019-10-09,370.479411764706,1020
"10","Anya 1",2019-10-10,469.550980392157,1020
"11","Anya 1",2019-10-11,312.53431372549,1020
"12","Anya 1",2019-10-12,317.141176470588,1020
"13","Anya 1",2019-10-13,360.867647058824,1020
"14","Anya 1",2019-10-14,273.876470588235,1020
"15","Anya 1",2019-10-15,206.621568627451,1020
"16","Anya 1",2019-10-16,2.04901960784314,102
"17","Anya 2",2019-10-16,5.82647058823529,1020
"18","Anya 2",2019-10-17,148.755882352941,1020
"19","Anya 2",2019-10-18,294.778431372549,1020
"20","Anya 2",2019-10-19,298.695098039216,1020
"21","Anya 2",2019-10-20,320.052941176471,1020
"22","Anya 2",2019-10-21,299.647058823529,1020
"23","Anya 2",2019-10-22,393.730392156863,1020
"24","Anya 2",2019-10-23,293.052941176471,1020
"25","Anya 2",2019-10-24,397.113725490196,1020
"26","Anya 2",2019-10-25,252.004901960784,1020
"27","Anya 2",2019-10-26,313.367647058824,1020
"28","Anya 2",2019-10-27,298.721568627451,1020
"29","Anya 2",2019-10-28,279.440196078431,1020
"30","Anya 2",2019-10-29,282.126470588235,1020
"31","Anya 2",2019-10-30,293.403921568627,1020
"32","Anya 2",2019-10-31,277.743137254902,1020
"33","Anya 2",2019-11-01,381.776470588235,1020
"34","Anya 2",2019-11-02,424.906862745098,1020
"35","Anya 2",2019-11-03,317.03431372549,1020
"36","Anya 2",2019-11-04,253.71568627451,1020
"37","Anya 2",2019-11-05,313.743137254902,1020
"38","Anya 2",2019-11-06,325.767647058824,1020
"39","Anya 2",2019-11-07,368.482352941176,1020
"40","Anya 2",2019-11-08,317.940196078431,1020
"41","Anya 2",2019-11-09,348.151960784314,1020
"42","Anya 2",2019-11-10,280.007843137255,1020
"43","Anya 2",2019-11-11,290.228431372549,1020
"44","Anya 2",2019-11-12,305.340196078431,1020
"45","Anya 2",2019-11-13,380.451960784314,1020
"46","Anya 2",2019-11-14,275.493137254902,1020
"47","Anya 2",2019-11-15,453.51862745098,1020
"48","Anya 2",2019-11-16,318.935294117647,1020
"49","Anya 2",2019-11-17,297.971568627451,1020
"50","Anya 2",2019-11-18,255.751960784314,1020
"51","Anya 2",2019-11-19,296.273529411765,1020
"52","Anya 2",2019-11-20,14.1813725490196,1020
"53","Anya 2",2019-11-21,7.67941176470588,1020
"54","Anya 2",2019-11-22,2.23725490196078,1020
"55","Anya 2",2019-11-23,0,1020
"56","Anya 2",2019-11-24,0,1020
"57","Anya 2",2019-11-25,0,1020
"58","Anya 2",2019-11-26,0.0107843137254902,1020
"59","Anya 2",2019-11-27,0.129411764705882,1020
"60","Anya 2",2019-11-28,0,1020
"61","Anya 2",2019-11-29,0,1020
"62","Anya 2",2019-11-30,0,1020
"63","Anya 2",2019-12-01,0,1020
"64","Anya 2",2019-12-02,0,1020
"65","Anya 2",2019-12-03,0,1020
"66","Anya 2",2019-12-04,0,1020
"67","Anya 2",2019-12-05,0,1020
"68","Anya 2",2019-12-06,2.32745098039216,1020
"69","Anya 2",2019-12-07,0,1020
"70","Anya 2",2019-12-08,0,1020
"71","Anya 2",2019-12-09,0.367609254498715,389
"72","Aries 1",2019-10-01,197.210784313725,1020
"73","Aries 1",2019-10-02,289.56862745098,1020
"74","Aries 1",2019-10-03,258.042156862745,1020
"75","Aries 1",2019-10-04,290.727450980392,1020
"76","Aries 1",2019-10-05,275.900980392157,1020
"77","Aries 1",2019-10-06,282.224509803922,1020
"78","Aries 1",2019-10-07,277.582352941176,1020
"79","Aries 1",2019-10-08,278.662745098039,1020
"80","Aries 1",2019-10-09,261.108823529412,1020
"81","Aries 1",2019-10-10,319.696078431373,1020
"82","Aries 1",2019-10-11,275.995098039216,1020
"83","Aries 1",2019-10-12,247.517647058824,1020
"84","Aries 1",2019-10-13,251.678431372549,1020
"85","Aries 1",2019-10-14,256.069607843137,1020
"86","Aries 1",2019-10-15,133.087254901961,1020
"87","Aries 1",2019-10-16,1.69791666666667,96
"88","Aries 2",2019-10-16,6.14803921568627,1020
"89","Aries 2",2019-10-17,169.248039215686,1020
"90","Aries 2",2019-10-18,233.63137254902,1020
"91","Aries 2",2019-10-19,227.324509803922,1020
"92","Aries 2",2019-10-20,273.398039215686,1020
"93","Aries 2",2019-10-21,192.990196078431,1020
"94","Aries 2",2019-10-22,241.424509803922,1020
"95","Aries 2",2019-10-23,276.286274509804,1020
"96","Aries 2",2019-10-24,300.11862745098,1020
"97","Aries 2",2019-10-25,193.489215686275,1020
"98","Aries 2",2019-10-26,219.655882352941,1020
"99","Aries 2",2019-10-27,241.743137254902,1020
"100","Aries 2",2019-10-28,233.195098039216,1020
"101","Aries 2",2019-10-29,255.057843137255,1020
"102","Aries 2",2019-10-30,280.511764705882,1020
"103","Aries 2",2019-10-31,159.043137254902,1020
"104","Aries 2",2019-11-01,251.960784313725,1020
"105","Aries 2",2019-11-02,242.113725490196,1020
"106","Aries 2",2019-11-03,162.148039215686,1020
"107","Aries 2",2019-11-04,218.427450980392,1020
"108","Aries 2",2019-11-05,219.5,1020
"109","Aries 2",2019-11-06,239.308823529412,1020
"110","Aries 2",2019-11-07,211.261764705882,1020
"111","Aries 2",2019-11-08,302.779411764706,1020
"112","Aries 2",2019-11-09,212.693137254902,1020
"113","Aries 2",2019-11-10,237.610784313726,1020
"114","Aries 2",2019-11-11,208.671568627451,1020
"115","Aries 2",2019-11-12,214.171568627451,1020
"116","Aries 2",2019-11-13,243.088235294118,1020
"117","Aries 2",2019-11-14,181.858823529412,1020
"118","Aries 2",2019-11-15,227.745098039216,1020
"119","Aries 2",2019-11-16,216.989215686275,1020
"120","Aries 2",2019-11-17,191.327450980392,1020
"121","Aries 2",2019-11-18,189.133333333333,1020
"122","Aries 2",2019-11-19,135.708823529412,1020
"123","Aries 2",2019-11-20,19.1401960784314,1020
"124","Aries 2",2019-11-21,9.73235294117647,1020
"125","Aries 2",2019-11-22,3.34019607843137,1020
"126","Aries 2",2019-11-23,0,1020
"127","Aries 2",2019-11-24,0,1020
"128","Aries 2",2019-11-25,0,1020
"129","Aries 2",2019-11-26,0.0686274509803922,1020
"130","Aries 2",2019-11-27,0.0686274509803922,1020
"131","Aries 2",2019-11-28,0,1020
"132","Aries 2",2019-11-29,0,1020
"133","Aries 2",2019-11-30,0,1020
"134","Aries 2",2019-12-01,0,1020
"135","Aries 2",2019-12-02,0,1020
"136","Aries 2",2019-12-03,0,1020
"137","Aries 2",2019-12-04,0,1020
"138","Aries 2",2019-12-05,0,1020
"139","Aries 2",2019-12-06,1.35588235294118,1020
"140","Aries 2",2019-12-07,0,1020
"141","Aries 2",2019-12-08,0,1020
"142","Aries 2",2019-12-09,1.18527918781726,394
"143","Arthur",2020-01-28,9.36274509803922,1020
"144","Arthur",2020-01-29,4.35098039215686,1020
"145","Arthur",2020-01-30,0,1020
"146","Arthur",2020-01-31,0.458823529411765,1020
"147","Arthur",2020-02-01,0,1020
"148","Arthur",2020-02-02,0,1020
"149","Arthur",2020-02-03,1.64901960784314,1020
"150","Arthur",2020-02-04,0.376470588235294,1020
"151","Arthur",2020-02-05,0,1020
"152","Arthur",2020-02-06,5.06176470588235,1020
"153","Arthur",2020-02-07,64.071568627451,1020
"154","Arthur",2020-02-08,78.5098039215686,1020
"155","Arthur",2020-02-09,0,1020
"156","Arthur",2020-02-10,0.0568627450980392,1020
"157","Arthur",2020-02-11,0,1020
"158","Arthur",2020-02-12,315.453921568627,1020
"159","Arthur",2020-02-13,196.540196078431,1020
"160","Arthur",2020-02-14,216.382352941176,1020
"161","Arthur",2020-02-15,223.660784313725,1020
"162","Arthur",2020-02-16,183.951960784314,1020
"163","Arthur",2020-02-17,763.48431372549,1020
"164","Arthur",2020-02-18,527.2,1020
"165","Arthur",2020-02-19,426.030392156863,1020
"166","Arthur",2020-02-20,456.470588235294,1020
"167","Arthur",2020-02-21,402.291176470588,1020
"168","Arthur",2020-02-22,426.675490196078,1020
"169","Arthur",2020-02-23,420.614705882353,1020
"170","Arthur",2020-02-24,418.020588235294,1020
"171","Arthur",2020-02-25,326.020588235294,1020
"172","Arthur",2020-02-26,332.478431372549,1020
"173","Arthur",2020-02-27,345.914705882353,1020
"174","Arthur",2020-02-28,354.342156862745,1020
"175","Arthur",2020-02-29,276.613725490196,1020
"176","Arthur",2020-03-01,318.1,1020
"177","Arthur",2020-03-02,343.280392156863,1020
"178","Arthur",2020-03-03,280.55,1020
"179","Arthur",2020-03-04,292.176470588235,1020
"180","Arthur",2020-03-05,311.405882352941,1020
"181","Arthur",2020-03-06,355.970588235294,1020
"182","Arthur",2020-03-07,309.177450980392,1020
"183","Arthur",2020-03-08,223.924509803922,1020
"184","Arthur",2020-03-09,261.91862745098,1020
"185","Arthur",2020-03-10,280.125490196078,1020
"186","Arthur",2020-03-11,62.5460784313725,1020
"187","Arthur",2020-03-12,58.8186274509804,1020
"188","Arthur",2020-03-13,6.47352941176471,1020
"189","Arthur",2020-03-14,0,1020
"190","Arthur",2020-03-15,0,1020
"191","Arthur",2020-03-16,0,1020
"192","Arthur",2020-03-17,0,1020
"193","Arthur",2020-03-18,0,1020
"194","Arthur",2020-03-19,0,1020
"195","Arthur",2020-03-20,0,1020
"196","Arthur",2020-03-21,0,1020
"197","Arthur",2020-03-22,0,1020
"198","Arthur",2020-03-23,0,1020
"199","Arthur",2020-03-24,0,1020
"200","Arthur",2020-03-25,0,1020
"201","Arthur",2020-03-26,0,1020
"202","Arthur",2020-03-27,0,1020
"203","Arthur",2020-03-28,0,1020
"204","Arthur",2020-03-29,0,1020
"205","Arthur",2020-03-30,0,1020
"206","Arthur",2020-03-31,0,1020
"207","Arthur",2020-04-01,0,1020
"208","Arthur",2020-04-02,0,1020
"209","Arthur",2020-04-03,0,1020
"210","Arthur",2020-04-04,0,1020
"211","Arthur",2020-04-05,0,1020
"212","Arthur",2020-04-06,0,1020
"213","Arthur",2020-04-07,0.0343137254901961,1020
"214","Arthur",2020-04-08,0,1020
"215","Arthur",2020-04-09,0,1020
"216","Arthur",2020-04-10,0,1020
"217","Arthur",2020-04-11,0,1020
"218","Arthur",2020-04-12,0,1020
"219","Arthur",2020-04-13,0,1020
"220","Arthur",2020-04-14,0,1020
"221","Arthur",2020-04-15,0,1020
"222","Arthur",2020-04-16,0,1020
"223","Arthur",2020-04-17,0,1020
"224","Arthur",2020-04-18,0,1020
"225","Arthur",2020-04-19,0,1020
"226","Arthur",2020-04-20,0,1020
"227","Arthur",2020-04-21,0,1020
"228","Arthur",2020-04-22,0,1020
"229","Arthur",2020-04-23,0,1020
"230","Arthur",2020-04-24,0,1020
"231","Arthur",2020-04-25,0,1020
"232","Arthur",2020-04-26,0,1020
"233","Arthur",2020-04-27,0,1020
"234","Arthur",2020-04-28,0,1020
"235","Arthur",2020-04-29,0,1020
"236","Arthur",2020-04-30,0,1020
"237","Arthur",2020-05-01,0,1020
"238","Arthur",2020-05-02,0,1020
"239","Arthur",2020-05-03,0,1020
"240","Arthur",2020-05-04,0,1020
"241","Arthur",2020-05-05,0,1020
"242","Arthur",2020-05-06,1.16209476309227,401
"243","Aurora ",2020-01-28,2.50392156862745,1020
"244","Aurora ",2020-01-29,5.07450980392157,1020
"245","Aurora ",2020-01-30,0,1020
"246","Aurora ",2020-01-31,0.356862745098039,1020
"247","Aurora ",2020-02-01,0,1020
"248","Aurora ",2020-02-02,0,1020
"249","Aurora ",2020-02-03,0.306862745098039,1020
"250","Aurora ",2020-02-04,0.215686274509804,1020
"251","Aurora ",2020-02-05,0,1020
"252","Aurora ",2020-02-06,4.52745098039216,1020
"253","Aurora ",2020-02-07,239.55,1020
"254","Aurora ",2020-02-08,227.805882352941,1020
"255","Aurora ",2020-02-09,220.538235294118,1020
"256","Aurora ",2020-02-10,163.666666666667,1020
"257","Aurora ",2020-02-11,216.494117647059,1020
"258","Aurora ",2020-02-12,220.227450980392,1020
"259","Aurora ",2020-02-13,173.571568627451,1020
"260","Aurora ",2020-02-14,189.153921568627,1020
"261","Aurora ",2020-02-15,165.594117647059,1020
"262","Aurora ",2020-02-16,164.824509803922,1020
"263","Aurora ",2020-02-17,467.228431372549,1020
"264","Aurora ",2020-02-18,426.121568627451,1020
"265","Aurora ",2020-02-19,397.016666666667,1020
"266","Aurora ",2020-02-20,361.85,1020
"267","Aurora ",2020-02-21,321.243137254902,1020
"268","Aurora ",2020-02-22,290.387254901961,1020
"269","Aurora ",2020-02-23,357.332352941176,1020
"270","Aurora ",2020-02-24,279.842156862745,1020
"271","Aurora ",2020-02-25,276.920588235294,1020
"272","Aurora ",2020-02-26,271.175490196078,1020
"273","Aurora ",2020-02-27,270.155882352941,1020
"274","Aurora ",2020-02-28,316.053921568627,1020
"275","Aurora ",2020-02-29,308.224509803922,1020
"276","Aurora ",2020-03-01,350.900980392157,1020
"277","Aurora ",2020-03-02,360.292156862745,1020
"278","Aurora ",2020-03-03,251.844117647059,1020
"279","Aurora ",2020-03-04,309.191176470588,1020
"280","Aurora ",2020-03-05,338.811764705882,1020
"281","Aurora ",2020-03-06,331.980392156863,1020
"282","Aurora ",2020-03-07,327.369607843137,1020
"283","Aurora ",2020-03-08,214.849019607843,1020
"284","Aurora ",2020-03-09,252.28431372549,1020
"285","Aurora ",2020-03-10,269.573529411765,1020
"286","Aurora ",2020-03-11,50.3676470588235,1020
"287","Aurora ",2020-03-12,47.6696078431373,1020
"288","Aurora ",2020-03-13,5.59803921568627,1020
"289","Aurora ",2020-03-14,0,1020
"290","Aurora ",2020-03-15,0,1020
"291","Aurora ",2020-03-16,0,1020
"292","Aurora ",2020-03-17,0,1020
"293","Aurora ",2020-03-18,0,1020
"294","Aurora ",2020-03-19,0,1020
"295","Aurora ",2020-03-20,0,1020
"296","Aurora ",2020-03-21,0,1020
"297","Aurora ",2020-03-22,0,1020
"298","Aurora ",2020-03-23,0,1020
"299","Aurora ",2020-03-24,0,1020
"300","Aurora ",2020-03-25,0,1020
"301","Aurora ",2020-03-26,0,1020
"302","Aurora ",2020-03-27,0,1020
"303","Aurora ",2020-03-28,0,1020
"304","Aurora ",2020-03-29,0,1020
"305","Aurora ",2020-03-30,0,1020
"306","Aurora ",2020-03-31,0,1020
"307","Aurora ",2020-04-01,0,1020
"308","Aurora ",2020-04-02,0,1020
"309","Aurora ",2020-04-03,0,1020
"310","Aurora ",2020-04-04,0,1020
"311","Aurora ",2020-04-05,0,1020
"312","Aurora ",2020-04-06,0,1020
"313","Aurora ",2020-04-07,0.0323529411764706,1020
"314","Aurora ",2020-04-08,0,1020
"315","Aurora ",2020-04-09,0,1020
"316","Aurora ",2020-04-10,0,1020
"317","Aurora ",2020-04-11,0,1020
"318","Aurora ",2020-04-12,0,1020
"319","Aurora ",2020-04-13,0,1020
"320","Aurora ",2020-04-14,0,1020
"321","Aurora ",2020-04-15,0,1020
"322","Aurora ",2020-04-16,0,1020
"323","Aurora ",2020-04-17,0,1020
"324","Aurora ",2020-04-18,0,1020
"325","Aurora ",2020-04-19,0,1020
"326","Aurora ",2020-04-20,0,1020
"327","Aurora ",2020-04-21,0,1020
"328","Aurora ",2020-04-22,0,1020
"329","Aurora ",2020-04-23,0,1020
"330","Aurora ",2020-04-24,0,1020
"331","Aurora ",2020-04-25,0,1020
"332","Aurora ",2020-04-26,0,1020
"333","Aurora ",2020-04-27,0,1020
"334","Aurora ",2020-04-28,0,1020
"335","Aurora ",2020-04-29,0,1020
"336","Aurora ",2020-04-30,0,1020
"337","Aurora ",2020-05-01,0,1020
"338","Aurora ",2020-05-02,0,1020
"339","Aurora ",2020-05-03,0,1020
"340","Aurora ",2020-05-04,0,1020
"341","Aurora ",2020-05-05,0,1020
"342","Aurora ",2020-05-06,0.808785529715762,387
"343","Barley",2020-07-20,1.09117647058824,1020
"344","Barley",2020-07-21,5.64117647058824,1020
"345","Barley",2020-07-22,0,1020
"346","Barley",2020-07-23,0.326470588235294,1020
"347","Barley",2020-07-24,0,1020
"348","Barley",2020-07-25,0,1020
"349","Barley",2020-07-26,0,1020
"350","Barley",2020-07-27,0,1020
"351","Barley",2020-07-28,0,1020
"352","Barley",2020-07-29,0,1020
"353","Barley",2020-07-30,0,1020
"354","Barley",2020-07-31,0,1020
"355","Barley",2020-08-01,0,1020
"356","Barley",2020-08-02,0,1020
"357","Barley",2020-08-03,0,1020
"358","Barley",2020-08-04,0.207843137254902,1020
"359","Barley",2020-08-05,105.31862745098,1020
"360","Barley",2020-08-06,289.704901960784,1020
"361","Barley",2020-08-07,233.059803921569,1020
"362","Barley",2020-08-08,214.132352941176,1020
"363","Barley",2020-08-09,256.338235294118,1020
"364","Barley",2020-08-10,213.323529411765,1020
"365","Barley",2020-08-11,237.442156862745,1020
"366","Barley",2020-08-12,298.155882352941,1020
"367","Barley",2020-08-13,78.9352941176471,1020
"368","Barley",2020-08-14,244.121568627451,1020
"369","Barley",2020-08-15,223.241176470588,1020
"370","Barley",2020-08-16,256.225490196078,1020
"371","Barley",2020-08-17,212.007843137255,1020
"372","Barley",2020-08-18,260.627450980392,1020
"373","Barley",2020-08-19,220.443137254902,1020
"374","Barley",2020-08-20,282.537254901961,1020
"375","Barley",2020-08-21,162.235294117647,1020
"376","Barley",2020-08-22,301.776470588235,1020
"377","Barley",2020-08-23,304.649019607843,1020
"378","Barley",2020-08-24,267.955882352941,1020
"379","Barley",2020-08-25,273.012745098039,1020
"380","Barley",2020-08-26,256.319607843137,1020
"381","Barley",2020-08-27,297.023529411765,1020
"382","Barley",2020-08-28,264.488235294118,1020
"383","Barley",2020-08-29,253.764705882353,1020
"384","Barley",2020-08-30,254.571568627451,1020
"385","Barley",2020-08-31,292.578431372549,1020
"386","Barley",2020-09-01,282.097058823529,1020
"387","Barley",2020-09-02,224.982352941176,1020
"388","Barley",2020-09-03,268.541176470588,1020
"389","Barley",2020-09-04,232.075490196078,1020
"390","Barley",2020-09-05,233.388235294118,1020
"391","Barley",2020-09-06,232.497058823529,1020
"392","Barley",2020-09-07,208.408823529412,1020
"393","Barley",2020-09-08,209.264705882353,1020
"394","Barley",2020-09-09,216.870588235294,1020
"395","Barley",2020-09-10,198.146078431373,1020
"396","Barley",2020-09-11,192.023529411765,1020
"397","Barley",2020-09-12,213.422549019608,1020
"398","Barley",2020-09-13,179.760784313725,1020
"399","Barley",2020-09-14,204.235294117647,1020
"400","Barley",2020-09-15,208.419607843137,1020
"401","Barley",2020-09-16,236.498039215686,1020
"402","Barley",2020-09-17,229.240196078431,1020
"403","Barley",2020-09-18,234.71862745098,1020
"404","Barley",2020-09-19,274.58431372549,1020
"405","Barley",2020-09-20,239.88137254902,1020
"406","Barley",2020-09-21,211.161764705882,1020
"407","Barley",2020-09-22,186.526470588235,1020
"408","Barley",2020-09-23,222.349019607843,1020
"409","Barley",2020-09-24,216.316666666667,1020
"410","Barley",2020-09-25,0.0107843137254902,1020
"411","Barley",2020-09-26,0,1020
"412","Barley",2020-09-27,0.0107843137254902,1020
"413","Barley",2020-09-28,57.8862745098039,1020
"414","Barley",2020-09-29,111.907843137255,1020
"415","Barley",2020-09-30,169.857843137255,1020
"416","Barley",2020-10-01,150.903921568627,1020
"417","Barley",2020-10-02,0,1020
"418","Barley",2020-10-03,0,1020
"419","Barley",2020-10-04,0,1020
"420","Barley",2020-10-05,41.5414364640884,181
"421","Jack",2021-01-28,0,1020
"422","Jack",2021-01-29,0,1020
"423","Jack",2021-01-30,0,1020
"424","Jack",2021-01-31,0.0911764705882353,1020
"425","Jack",2021-02-01,0.942156862745098,1020
"426","Jack",2021-02-02,10.0490196078431,1020
"427","Jack",2021-02-03,0,1020
"428","Jack",2021-02-04,0,1020
"429","Jack",2021-02-05,151.216666666667,1020
"430","Jack",2021-02-06,261.508823529412,1020
"431","Jack",2021-02-07,268.670588235294,1020
"432","Jack",2021-02-08,425.187254901961,1020
"433","Jack",2021-02-09,407.53431372549,1020
"434","Jack",2021-02-10,389.900980392157,1020
"435","Jack",2021-02-11,226.856862745098,1020
"436","Jack",2021-02-12,223.889215686274,1020
"437","Jack",2021-02-13,330.500980392157,1020
"438","Jack",2021-02-14,328.872549019608,1020
"439","Jack",2021-02-15,289.207843137255,1020
"440","Jack",2021-02-16,261.883333333333,1020
"441","Jack",2021-02-17,148.505882352941,1020
"442","Jack",2021-02-18,201.13137254902,1020
"443","Jack",2021-02-19,264.726470588235,1020
"444","Jack",2021-02-20,235.603921568627,1020
"445","Jack",2021-02-21,255.436274509804,1020
"446","Jack",2021-02-22,259.83137254902,1020
"447","Jack",2021-02-23,270.247058823529,1020
"448","Jack",2021-02-24,255.621568627451,1020
"449","Jack",2021-02-25,362.495098039216,1020
"450","Jack",2021-02-26,254.978431372549,1020
"451","Jack",2021-02-27,253.976470588235,1020
"452","Jack",2021-02-28,241.883333333333,1020
"453","Jack",2021-03-01,259.83137254902,1020
"454","Jack",2021-03-02,163.944117647059,1020
"455","Jack",2021-03-03,242.922549019608,1020
"456","Jack",2021-03-04,234.296078431373,1020
"457","Jack",2021-03-05,154.788235294118,1020
"458","Jack",2021-03-06,317.869607843137,1020
"459","Jack",2021-03-07,366.11568627451,1020
"460","Jack",2021-03-08,199.011764705882,1020
"461","Jack",2021-03-09,255.491176470588,1020
"462","Jack",2021-03-10,173.979411764706,1020
"463","Jack",2021-03-11,213.777450980392,1020
"464","Jack",2021-03-12,297.866666666667,1020
"465","Jack",2021-03-13,174.241176470588,1020
"466","Jack",2021-03-14,143.266666666667,1020
"467","Jack",2021-03-15,212.274509803922,1020
"468","Jack",2021-03-16,188.082352941176,1020
"469","Jack",2021-03-17,204.145098039216,1020
"470","Jack",2021-03-18,159.545098039216,1020
"471","Jack",2021-03-19,220.4,1020
"472","Jack",2021-03-20,239.700980392157,1020
"473","Jack",2021-03-21,328.564705882353,1020
"474","Jack",2021-03-22,233.766666666667,1020
"475","Jack",2021-03-23,203.559803921569,1020
"476","Jack",2021-03-24,127.78137254902,1020
"477","Jack",2021-03-25,131.348039215686,1020
"478","Jack",2021-03-26,235.93431372549,1020
"479","Jack",2021-03-27,181.383333333333,1020
"480","Jack",2021-03-28,116.88137254902,1020
"481","Jack",2021-03-29,214.153921568627,1020
"482","Jack",2021-03-30,118.701960784314,1020
"483","Jack",2021-03-31,110.299019607843,1020
"484","Jack",2021-04-01,102.998039215686,1020
"485","Jack",2021-04-02,309.878431372549,1020
"486","Jack",2021-04-03,121.740196078431,1020
"487","Jack",2021-04-04,121.635294117647,1020
"488","Jack",2021-04-05,179.797058823529,1020
"489","Jack",2021-04-06,189.439215686275,1020
"490","Jack",2021-04-07,118.020588235294,1020
"491","Jack",2021-04-08,213.9,1020
"492","Jack",2021-04-09,151.908823529412,1020
"493","Jack",2021-04-10,159.242156862745,1020
"494","Jack",2021-04-11,114.632352941176,1020
"495","Jack",2021-04-12,185.300980392157,1020
"496","Jack",2021-04-13,209.852941176471,1020
"497","Jack",2021-04-14,190.021568627451,1020
"498","Jack",2021-04-15,247.292156862745,1020
"499","Jack",2021-04-16,163.249019607843,1020
"500","Jack",2021-04-17,158.550980392157,1020
"501","Jack",2021-04-18,101.299019607843,1020
"502","Jack",2021-04-19,216.363725490196,1020
"503","Jack",2021-04-20,82.9950980392157,1020
"504","Jack",2021-04-21,0,1020
"505","Jack",2021-04-22,151.217647058824,1020
"506","Jack",2021-04-23,2.62058823529412,1020
"507","Jack",2021-04-24,0,1020
"508","Jack",2021-04-25,0,1020
"509","Jack",2021-04-26,0.469607843137255,1020
"510","Jack",2021-04-27,13.8202247191011,267
"511","Kristoff",2020-07-20,1.22254901960784,1020
"512","Kristoff",2020-07-21,2.96078431372549,1020
"513","Kristoff",2020-07-22,0,1020
"514","Kristoff",2020-07-23,240.512745098039,1020
"515","Kristoff",2020-07-24,375.301960784314,1020
"516","Kristoff",2020-07-25,258.595098039216,1020
"517","Kristoff",2020-07-26,321.210784313725,1020
"518","Kristoff",2020-07-27,342.648039215686,1020
"519","Kristoff",2020-07-28,274.125490196078,1020
"520","Kristoff",2020-07-29,330.53431372549,1020
"521","Kristoff",2020-07-30,284.38431372549,1020
"522","Kristoff",2020-07-31,248.843137254902,1020
"523","Kristoff",2020-08-01,311.063725490196,1020
"524","Kristoff",2020-08-02,314.596078431373,1020
"525","Kristoff",2020-08-03,259.589215686274,1020
"526","Kristoff",2020-08-04,371.104901960784,1020
"527","Kristoff",2020-08-05,292.491176470588,1020
"528","Kristoff",2020-08-06,270.367647058824,1020
"529","Kristoff",2020-08-07,245.870588235294,1020
"530","Kristoff",2020-08-08,276.294117647059,1020
"531","Kristoff",2020-08-09,348.310784313725,1020
"532","Kristoff",2020-08-10,390.404901960784,1020
"533","Kristoff",2020-08-11,463.357843137255,1020
"534","Kristoff",2020-08-12,299.592156862745,1020
"535","Kristoff",2020-08-13,304.310784313725,1020
"536","Kristoff",2020-08-14,291.030392156863,1020
"537","Kristoff",2020-08-15,363.024509803922,1020
"538","Kristoff",2020-08-16,318.380392156863,1020
"539","Kristoff",2020-08-17,251.895098039216,1020
"540","Kristoff",2020-08-18,431.613725490196,1020
"541","Kristoff",2020-08-19,246.033333333333,1020
"542","Kristoff",2020-08-20,207.602941176471,1020
"543","Kristoff",2020-08-21,391.598039215686,1020
"544","Kristoff",2020-08-22,429.414705882353,1020
"545","Kristoff",2020-08-23,320.044117647059,1020
"546","Kristoff",2020-08-24,271.964705882353,1020
"547","Kristoff",2020-08-25,406.305882352941,1020
"548","Kristoff",2020-08-26,273.753921568627,1020
"549","Kristoff",2020-08-27,317.933333333333,1020
"550","Kristoff",2020-08-28,182.095098039216,1020
"551","Kristoff",2020-08-29,410.91568627451,1020
"552","Kristoff",2020-08-30,362.543137254902,1020
"553","Kristoff",2020-08-31,275.104901960784,1020
"554","Kristoff",2020-09-01,440.802941176471,1020
"555","Kristoff",2020-09-02,337.704901960784,1020
"556","Kristoff",2020-09-03,241.135294117647,1020
"557","Kristoff",2020-09-04,362.247058823529,1020
"558","Kristoff",2020-09-05,290.944117647059,1020
"559","Kristoff",2020-09-06,335.839215686274,1020
"560","Kristoff",2020-09-07,380.182352941176,1020
"561","Kristoff",2020-09-08,407.154901960784,1020
"562","Kristoff",2020-09-09,293.127450980392,1020
"563","Kristoff",2020-09-10,292.406862745098,1020
"564","Kristoff",2020-09-11,300.661764705882,1020
"565","Kristoff",2020-09-12,273.429411764706,1020
"566","Kristoff",2020-09-13,317.346078431373,1020
"567","Kristoff",2020-09-14,335.992156862745,1020
"568","Kristoff",2020-09-15,491.319607843137,1020
"569","Kristoff",2020-09-16,274.285294117647,1020
"570","Kristoff",2020-09-17,241.121568627451,1020
"571","Kristoff",2020-09-18,340.505882352941,1020
"572","Kristoff",2020-09-19,509.579411764706,1020
"573","Kristoff",2020-09-20,321.697058823529,1020
"574","Kristoff",2020-09-21,346.972549019608,1020
"575","Kristoff",2020-09-22,474.546078431373,1020
"576","Kristoff",2020-09-23,284.421568627451,1020
"577","Kristoff",2020-09-24,167.050980392157,1020
"578","Kristoff",2020-09-25,0,1020
"579","Kristoff",2020-09-26,0,1020
"580","Kristoff",2020-09-27,0,1020
"581","Kristoff",2020-09-28,0,1020
"582","Kristoff",2020-09-29,0.0343137254901961,1020
"583","Kristoff",2020-09-30,0,1020
"584","Kristoff",2020-10-01,0.574509803921569,1020
"585","Kristoff",2020-10-02,0,1020
"586","Kristoff",2020-10-03,0,1020
"587","Kristoff",2020-10-04,0,1020
"588","Kristoff",2020-10-05,35.6881720430108,186
"589","Leo",2021-01-28,0,1020
"590","Leo",2021-01-29,0,1020
"591","Leo",2021-01-30,0,1020
"592","Leo",2021-01-31,0.0911764705882353,1020
"593","Leo",2021-02-01,0.942156862745098,1020
"594","Leo",2021-02-02,10.0490196078431,1020
"595","Leo",2021-02-03,0,1020
"596","Leo",2021-02-04,0,1020
"597","Leo",2021-02-05,151.216666666667,1020
"598","Leo",2021-02-06,261.508823529412,1020
"599","Leo",2021-02-07,268.670588235294,1020
"600","Leo",2021-02-08,425.187254901961,1020
"601","Leo",2021-02-09,407.53431372549,1020
"602","Leo",2021-02-10,389.900980392157,1020
"603","Leo",2021-02-11,226.856862745098,1020
"604","Leo",2021-02-12,223.889215686274,1020
"605","Leo",2021-02-13,330.500980392157,1020
"606","Leo",2021-02-14,328.872549019608,1020
"607","Leo",2021-02-15,289.207843137255,1020
"608","Leo",2021-02-16,261.883333333333,1020
"609","Leo",2021-02-17,148.505882352941,1020
"610","Leo",2021-02-18,201.13137254902,1020
"611","Leo",2021-02-19,264.726470588235,1020
"612","Leo",2021-02-20,235.603921568627,1020
"613","Leo",2021-02-21,255.436274509804,1020
"614","Leo",2021-02-22,259.83137254902,1020
"615","Leo",2021-02-23,270.247058823529,1020
"616","Leo",2021-02-24,255.621568627451,1020
"617","Leo",2021-02-25,362.495098039216,1020
"618","Leo",2021-02-26,254.978431372549,1020
"619","Leo",2021-02-27,253.976470588235,1020
"620","Leo",2021-02-28,241.883333333333,1020
"621","Leo",2021-03-01,259.83137254902,1020
"622","Leo",2021-03-02,163.944117647059,1020
"623","Leo",2021-03-03,242.922549019608,1020
"624","Leo",2021-03-04,234.296078431373,1020
"625","Leo",2021-03-05,154.788235294118,1020
"626","Leo",2021-03-06,317.869607843137,1020
"627","Leo",2021-03-07,366.11568627451,1020
"628","Leo",2021-03-08,199.011764705882,1020
"629","Leo",2021-03-09,255.491176470588,1020
"630","Leo",2021-03-10,173.979411764706,1020
"631","Leo",2021-03-11,213.777450980392,1020
"632","Leo",2021-03-12,297.866666666667,1020
"633","Leo",2021-03-13,174.241176470588,1020
"634","Leo",2021-03-14,143.266666666667,1020
"635","Leo",2021-03-15,212.274509803922,1020
"636","Leo",2021-03-16,188.082352941176,1020
"637","Leo",2021-03-17,204.145098039216,1020
"638","Leo",2021-03-18,159.545098039216,1020
"639","Leo",2021-03-19,220.4,1020
"640","Leo",2021-03-20,239.700980392157,1020
"641","Leo",2021-03-21,328.564705882353,1020
"642","Leo",2021-03-22,233.766666666667,1020
"643","Leo",2021-03-23,203.559803921569,1020
"644","Leo",2021-03-24,127.78137254902,1020
"645","Leo",2021-03-25,131.348039215686,1020
"646","Leo",2021-03-26,235.93431372549,1020
"647","Leo",2021-03-27,181.383333333333,1020
"648","Leo",2021-03-28,116.88137254902,1020
"649","Leo",2021-03-29,214.153921568627,1020
"650","Leo",2021-03-30,118.701960784314,1020
"651","Leo",2021-03-31,110.299019607843,1020
"652","Leo",2021-04-01,102.998039215686,1020
"653","Leo",2021-04-02,309.878431372549,1020
"654","Leo",2021-04-03,121.740196078431,1020
"655","Leo",2021-04-04,121.635294117647,1020
"656","Leo",2021-04-05,179.797058823529,1020
"657","Leo",2021-04-06,189.439215686275,1020
"658","Leo",2021-04-07,118.020588235294,1020
"659","Leo",2021-04-08,213.9,1020
"660","Leo",2021-04-09,151.908823529412,1020
"661","Leo",2021-04-10,159.242156862745,1020
"662","Leo",2021-04-11,114.632352941176,1020
"663","Leo",2021-04-12,185.300980392157,1020
"664","Leo",2021-04-13,209.852941176471,1020
"665","Leo",2021-04-14,190.021568627451,1020
"666","Leo",2021-04-15,247.292156862745,1020
"667","Leo",2021-04-16,163.249019607843,1020
"668","Leo",2021-04-17,158.550980392157,1020
"669","Leo",2021-04-18,101.299019607843,1020
"670","Leo",2021-04-19,216.363725490196,1020
"671","Leo",2021-04-20,82.9950980392157,1020
"672","Leo",2021-04-21,0,1020
"673","Leo",2021-04-22,151.217647058824,1020
"674","Leo",2021-04-23,2.62058823529412,1020
"675","Leo",2021-04-24,0,1020
"676","Leo",2021-04-25,0,1020
"677","Leo",2021-04-26,0.469607843137255,1020
"678","Leo",2021-04-27,13.8202247191011,267
"679","Lily",2021-01-28,0,1020
"680","Lily",2021-01-29,0,1020
"681","Lily",2021-01-30,0,1020
"682","Lily",2021-01-31,0.0303921568627451,1020
"683","Lily",2021-02-01,0.391176470588235,1020
"684","Lily",2021-02-02,3.67549019607843,1020
"685","Lily",2021-02-03,0,1020
"686","Lily",2021-02-04,0,1020
"687","Lily",2021-02-05,21.2813725490196,1020
"688","Lily",2021-02-06,112.560784313725,1020
"689","Lily",2021-02-07,371.38137254902,1020
"690","Lily",2021-02-08,441.273529411765,1020
"691","Lily",2021-02-09,347.324509803922,1020
"692","Lily",2021-02-10,362.241176470588,1020
"693","Lily",2021-02-11,319.35,1020
"694","Lily",2021-02-12,405.490196078431,1020
"695","Lily",2021-02-13,374.433333333333,1020
"696","Lily",2021-02-14,475.247058823529,1020
"697","Lily",2021-02-15,350.01862745098,1020
"698","Lily",2021-02-16,412.829411764706,1020
"699","Lily",2021-02-17,406.726470588235,1020
"700","Lily",2021-02-18,351.251960784314,1020
"701","Lily",2021-02-19,341.346078431373,1020
"702","Lily",2021-02-20,372.296078431373,1020
"703","Lily",2021-02-21,417.604901960784,1020
"704","Lily",2021-02-22,328.523529411765,1020
"705","Lily",2021-02-23,386.344117647059,1020
"706","Lily",2021-02-24,393.38137254902,1020
"707","Lily",2021-02-25,351.708823529412,1020
"708","Lily",2021-02-26,294.490196078431,1020
"709","Lily",2021-02-27,382.177450980392,1020
"710","Lily",2021-02-28,237.152941176471,1020
"711","Lily",2021-03-01,376.340196078431,1020
"712","Lily",2021-03-02,339.71862745098,1020
"713","Lily",2021-03-03,335.132352941176,1020
"714","Lily",2021-03-04,355.113725490196,1020
"715","Lily",2021-03-05,291.541176470588,1020
"716","Lily",2021-03-06,392.421568627451,1020
"717","Lily",2021-03-07,476.96862745098,1020
"718","Lily",2021-03-08,310.459803921569,1020
"719","Lily",2021-03-09,367.239215686275,1020
"720","Lily",2021-03-10,310.245098039216,1020
"721","Lily",2021-03-11,381.935294117647,1020
"722","Lily",2021-03-12,381.48137254902,1020
"723","Lily",2021-03-13,415.401960784314,1020
"724","Lily",2021-03-14,350.832352941176,1020
"725","Lily",2021-03-15,409.630392156863,1020
"726","Lily",2021-03-16,355.197058823529,1020
"727","Lily",2021-03-17,239.907843137255,1020
"728","Lily",2021-03-18,317.009803921569,1020
"729","Lily",2021-03-19,341.43431372549,1020
"730","Lily",2021-03-20,339.201960784314,1020
"731","Lily",2021-03-21,336.278431372549,1020
"732","Lily",2021-03-22,274.864705882353,1020
"733","Lily",2021-03-23,286.48137254902,1020
"734","Lily",2021-03-24,321.024509803922,1020
"735","Lily",2021-03-25,352.026470588235,1020
"736","Lily",2021-03-26,256.205882352941,1020
"737","Lily",2021-03-27,341.345098039216,1020
"738","Lily",2021-03-28,347.900980392157,1020
"739","Lily",2021-03-29,238.009803921569,1020
"740","Lily",2021-03-30,339.152941176471,1020
"741","Lily",2021-03-31,205.68137254902,1020
"742","Lily",2021-04-01,211.758823529412,1020
"743","Lily",2021-04-02,250.799019607843,1020
"744","Lily",2021-04-03,271.61568627451,1020
"745","Lily",2021-04-04,252.651960784314,1020
"746","Lily",2021-04-05,244.172549019608,1020
"747","Lily",2021-04-06,204.729411764706,1020
"748","Lily",2021-04-07,296.85,1020
"749","Lily",2021-04-08,275.576470588235,1020
"750","Lily",2021-04-09,184.355882352941,1020
"751","Lily",2021-04-10,224.794117647059,1020
"752","Lily",2021-04-11,236.93137254902,1020
"753","Lily",2021-04-12,186.572549019608,1020
"754","Lily",2021-04-13,284.140196078431,1020
"755","Lily",2021-04-14,228.310784313725,1020
"756","Lily",2021-04-15,195.292156862745,1020
"757","Lily",2021-04-16,281.090196078431,1020
"758","Lily",2021-04-17,234.023529411765,1020
"759","Lily",2021-04-18,191.056862745098,1020
"760","Lily",2021-04-19,277.728431372549,1020
"761","Lily",2021-04-20,295.26862745098,1020
"762","Lily",2021-04-21,223.412745098039,1020
"763","Lily",2021-04-22,37.3705882352941,1020
"764","Lily",2021-04-23,9.03823529411765,1020
"765","Lily",2021-04-24,0,1020
"766","Lily",2021-04-25,0,1020
"767","Lily",2021-04-26,0.853921568627451,1020
"768","Lily",2021-04-27,35,258
"769","Rainbow",2020-10-07,153.597058823529,1020
"770","Rainbow",2020-10-08,628.148039215686,1020
"771","Rainbow",2020-10-09,525.091176470588,1020
"772","Rainbow",2020-10-10,456.705882352941,1020
"773","Rainbow",2020-10-11,602.780392156863,1020
"774","Rainbow",2020-10-12,367.53137254902,1020
"775","Rainbow",2020-10-13,386.912745098039,1020
"776","Rainbow",2020-10-14,454.9,1020
"777","Rainbow",2020-10-15,422.909803921569,1020
"778","Rainbow",2020-10-16,434.582352941176,1020
"779","Rainbow",2020-10-17,513.205882352941,1020
"780","Rainbow",2020-10-18,442.419607843137,1020
"781","Rainbow",2020-10-19,466.289215686275,1020
"782","Rainbow",2020-10-20,441.380392156863,1020
"783","Rainbow",2020-10-21,408.057843137255,1020
"784","Rainbow",2020-10-22,385.680392156863,1020
"785","Rainbow",2020-10-23,379.999019607843,1020
"786","Rainbow",2020-10-24,338.844117647059,1020
"787","Rainbow",2020-10-25,449.266666666667,1020
"788","Rainbow",2020-10-26,417.661764705882,1020
"789","Rainbow",2020-10-27,437.836274509804,1020
"790","Rainbow",2020-10-28,406.820588235294,1020
"791","Rainbow",2020-10-29,310.191176470588,1020
"792","Rainbow",2020-10-30,519.564705882353,1020
"793","Rainbow",2020-10-31,551.554901960784,1020
"794","Rainbow",2020-11-01,443.716666666667,1020
"795","Rainbow",2020-11-02,619.066666666667,1020
"796","Rainbow",2020-11-03,437.635294117647,1020
"797","Rainbow",2020-11-04,430.488235294118,1020
"798","Rainbow",2020-11-05,422.597058823529,1020
"799","Rainbow",2020-11-06,474.439215686275,1020
"800","Rainbow",2020-11-07,381.259803921569,1020
"801","Rainbow",2020-11-08,449.21862745098,1020
"802","Rainbow",2020-11-09,505.717647058824,1020
"803","Rainbow",2020-11-10,441.149019607843,1020
"804","Rainbow",2020-11-11,469.095098039216,1020
"805","Rainbow",2020-11-12,311.259803921569,1020
"806","Rainbow",2020-11-13,396.191176470588,1020
"807","Rainbow",2020-11-14,504.193137254902,1020
"808","Rainbow",2020-11-15,498.840196078431,1020
"809","Rainbow",2020-11-16,487.575490196078,1020
"810","Rainbow",2020-11-17,508.544117647059,1020
"811","Rainbow",2020-11-18,420.502941176471,1020
"812","Rainbow",2020-11-19,381.842156862745,1020
"813","Rainbow",2020-11-20,502.383333333333,1020
"814","Rainbow",2020-11-21,497.01862745098,1020
"815","Rainbow",2020-11-22,453.63431372549,1020
"816","Rainbow",2020-11-23,524.471568627451,1020
"817","Rainbow",2020-11-24,486.709803921569,1020
"818","Rainbow",2020-11-25,427.817647058824,1020
"819","Rainbow",2020-11-26,353.397058823529,1020
"820","Rainbow",2020-11-27,390.583333333333,1020
"821","Rainbow",2020-11-28,394.554901960784,1020
"822","Rainbow",2020-11-29,435.96862745098,1020
"823","Rainbow",2020-11-30,460.497058823529,1020
"824","Rainbow",2020-12-01,449.742156862745,1020
"825","Rainbow",2020-12-02,413.053921568627,1020
"826","Rainbow",2020-12-03,368.972549019608,1020
"827","Rainbow",2020-12-04,297.271568627451,1020
"828","Rainbow",2020-12-05,504.544117647059,1020
"829","Rainbow",2020-12-06,417.840196078431,1020
"830","Rainbow",2020-12-07,497.262745098039,1020
"831","Rainbow",2020-12-08,150.671568627451,1020
"832","Rainbow",2020-12-09,0,1020
"833","Rainbow",2020-12-10,0,1020
"834","Rainbow",2020-12-11,0,1020
"835","Rainbow",2020-12-12,0,1020
"836","Rainbow",2020-12-13,0,1020
"837","Rainbow",2020-12-14,0.207843137254902,1020
"838","Rainbow",2020-12-15,0.448039215686275,1020
"839","Rainbow",2020-12-16,6.78333333333333,1020
"840","Rainbow",2020-12-17,0.123529411764706,1020
"841","Rainbow",2020-12-18,0,1020
"842","Rainbow",2020-12-19,0,1020
"843","Rainbow",2020-12-20,0,1020
"844","Rainbow",2020-12-21,0,1020
"845","Rainbow",2020-12-22,4.65686274509804,1020
"846","Rainbow",2020-12-23,0.11864406779661,531
"847","Rourke",2020-10-07,122.919607843137,1020
"848","Rourke",2020-10-08,325.911764705882,1020
"849","Rourke",2020-10-09,313.091176470588,1020
"850","Rourke",2020-10-10,258.757843137255,1020
"851","Rourke",2020-10-11,258.730392156863,1020
"852","Rourke",2020-10-12,249.391176470588,1020
"853","Rourke",2020-10-13,385.729411764706,1020
"854","Rourke",2020-10-14,257.563725490196,1020
"855","Rourke",2020-10-15,290.855882352941,1020
"856","Rourke",2020-10-16,318.067647058824,1020
"857","Rourke",2020-10-17,293.225490196078,1020
"858","Rourke",2020-10-18,302.075490196078,1020
"859","Rourke",2020-10-19,203.652941176471,1020
"860","Rourke",2020-10-20,182.791176470588,1020
"861","Rourke",2020-10-21,278.045098039216,1020
"862","Rourke",2020-10-22,271.628431372549,1020
"863","Rourke",2020-10-23,287.971568627451,1020
"864","Rourke",2020-10-24,236.980392156863,1020
"865","Rourke",2020-10-25,257.36568627451,1020
"866","Rourke",2020-10-26,232.499019607843,1020
"867","Rourke",2020-10-27,458.08137254902,1020
"868","Rourke",2020-10-28,164.099019607843,1020
"869","Rourke",2020-10-29,304.892156862745,1020
"870","Rourke",2020-10-30,316.672549019608,1020
"871","Rourke",2020-10-31,341.805882352941,1020
"872","Rourke",2020-11-01,312.161764705882,1020
"873","Rourke",2020-11-02,298.674509803922,1020
"874","Rourke",2020-11-03,177.5,1020
"875","Rourke",2020-11-04,260.275490196078,1020
"876","Rourke",2020-11-05,280.401960784314,1020
"877","Rourke",2020-11-06,235.516666666667,1020
"878","Rourke",2020-11-07,193.633333333333,1020
"879","Rourke",2020-11-08,180.060784313725,1020
"880","Rourke",2020-11-09,187.593137254902,1020
"881","Rourke",2020-11-10,245.174509803922,1020
"882","Rourke",2020-11-11,376.133333333333,1020
"883","Rourke",2020-11-12,119.809803921569,1020
"884","Rourke",2020-11-13,329.430392156863,1020
"885","Rourke",2020-11-14,431.236274509804,1020
"886","Rourke",2020-11-15,187.861764705882,1020
"887","Rourke",2020-11-16,198.053921568627,1020
"888","Rourke",2020-11-17,319.114705882353,1020
"889","Rourke",2020-11-18,308.917647058824,1020
"890","Rourke",2020-11-19,251.541176470588,1020
"891","Rourke",2020-11-20,210.209803921569,1020
"892","Rourke",2020-11-21,462.040196078431,1020
"893","Rourke",2020-11-22,175.912745098039,1020
"894","Rourke",2020-11-23,342.28431372549,1020
"895","Rourke",2020-11-24,309.595098039216,1020
"896","Rourke",2020-11-25,248.48137254902,1020
"897","Rourke",2020-11-26,386.903921568627,1020
"898","Rourke",2020-11-27,256.356862745098,1020
"899","Rourke",2020-11-28,315.411764705882,1020
"900","Rourke",2020-11-29,213.758823529412,1020
"901","Rourke",2020-11-30,114.3,1020
"902","Rourke",2020-12-01,380.055882352941,1020
"903","Rourke",2020-12-02,144.194117647059,1020
"904","Rourke",2020-12-03,163.51568627451,1020
"905","Rourke",2020-12-04,104.972549019608,1020
"906","Rourke",2020-12-05,208.882352941176,1020
"907","Rourke",2020-12-06,244.079411764706,1020
"908","Rourke",2020-12-07,118.217647058824,1020
"909","Rourke",2020-12-08,312.791176470588,1020
"910","Rourke",2020-12-09,109.41862745098,1020
"911","Rourke",2020-12-10,107.013725490196,1020
"912","Rourke",2020-12-11,109.489215686275,1020
"913","Rourke",2020-12-12,245.994117647059,1020
"914","Rourke",2020-12-13,123.16862745098,1020
"915","Rourke",2020-12-14,170.328431372549,1020
"916","Rourke",2020-12-15,308.710784313725,1020
"917","Rourke",2020-12-16,102.363725490196,1020
"918","Rourke",2020-12-17,0.424509803921569,1020
"919","Rourke",2020-12-18,0,1020
"920","Rourke",2020-12-19,0,1020
"921","Rourke",2020-12-20,0,1020
"922","Rourke",2020-12-21,0,1020
"923","Rourke",2020-12-22,3.83529411764706,1020
"924","Rourke",2020-12-23,0.1875,528
"925","Sassy",2020-10-07,130.062745098039,1020
"926","Sassy",2020-10-08,424.548039215686,1020
"927","Sassy",2020-10-09,356.103921568627,1020
"928","Sassy",2020-10-10,320.667647058824,1020
"929","Sassy",2020-10-11,431.885294117647,1020
"930","Sassy",2020-10-12,289.494117647059,1020
"931","Sassy",2020-10-13,306.339215686274,1020
"932","Sassy",2020-10-14,334.502941176471,1020
"933","Sassy",2020-10-15,353.735294117647,1020
"934","Sassy",2020-10-16,362.85,1020
"935","Sassy",2020-10-17,387.93137254902,1020
"936","Sassy",2020-10-18,392.726470588235,1020
"937","Sassy",2020-10-19,355.529411764706,1020
"938","Sassy",2020-10-20,335.366666666667,1020
"939","Sassy",2020-10-21,298.716666666667,1020
"940","Sassy",2020-10-22,295.724509803922,1020
"941","Sassy",2020-10-23,399.464705882353,1020
"942","Sassy",2020-10-24,336.166666666667,1020
"943","Sassy",2020-10-25,476.480392156863,1020
"944","Sassy",2020-10-26,399.878431372549,1020
"945","Sassy",2020-10-27,465.339215686274,1020
"946","Sassy",2020-10-28,396.102941176471,1020
"947","Sassy",2020-10-29,208.822549019608,1020
"948","Sassy",2020-10-30,369.457843137255,1020
"949","Sassy",2020-10-31,505.954901960784,1020
"950","Sassy",2020-11-01,483.201960784314,1020
"951","Sassy",2020-11-02,613.024509803922,1020
"952","Sassy",2020-11-03,322.621568627451,1020
"953","Sassy",2020-11-04,429.896078431373,1020
"954","Sassy",2020-11-05,343.725490196078,1020
"955","Sassy",2020-11-06,345.36862745098,1020
"956","Sassy",2020-11-07,357.560784313725,1020
"957","Sassy",2020-11-08,350.576470588235,1020
"958","Sassy",2020-11-09,489.614705882353,1020
"959","Sassy",2020-11-10,432.058823529412,1020
"960","Sassy",2020-11-11,407.813725490196,1020
"961","Sassy",2020-11-12,250.6,1020
"962","Sassy",2020-11-13,370.195098039216,1020
"963","Sassy",2020-11-14,443.033333333333,1020
"964","Sassy",2020-11-15,482.542156862745,1020
"965","Sassy",2020-11-16,484.930392156863,1020
"966","Sassy",2020-11-17,454.509803921569,1020
"967","Sassy",2020-11-18,423.18431372549,1020
"968","Sassy",2020-11-19,328.413725490196,1020
"969","Sassy",2020-11-20,342.986274509804,1020
"970","Sassy",2020-11-21,467.730392156863,1020
"971","Sassy",2020-11-22,418.622549019608,1020
"972","Sassy",2020-11-23,498.472549019608,1020
"973","Sassy",2020-11-24,471.391176470588,1020
"974","Sassy",2020-11-25,423.98137254902,1020
"975","Sassy",2020-11-26,324.848039215686,1020
"976","Sassy",2020-11-27,443.28137254902,1020
"977","Sassy",2020-11-28,395.700980392157,1020
"978","Sassy",2020-11-29,458.146078431373,1020
"979","Sassy",2020-11-30,556.898039215686,1020
"980","Sassy",2020-12-01,452.278431372549,1020
"981","Sassy",2020-12-02,441.566666666667,1020
"982","Sassy",2020-12-03,318.953921568627,1020
"983","Sassy",2020-12-04,258.946078431373,1020
"984","Sassy",2020-12-05,510.990196078431,1020
"985","Sassy",2020-12-06,439.699019607843,1020
"986","Sassy",2020-12-07,438.423529411765,1020
"987","Sassy",2020-12-08,300.903921568627,1020
"988","Sassy",2020-12-09,337.930392156863,1020
"989","Sassy",2020-12-10,206.073529411765,1020
"990","Sassy",2020-12-11,183.487254901961,1020
"991","Sassy",2020-12-12,248.362745098039,1020
"992","Sassy",2020-12-13,230.800980392157,1020
"993","Sassy",2020-12-14,216.044117647059,1020
"994","Sassy",2020-12-15,110.442156862745,1020
"995","Sassy",2020-12-16,4.92450980392157,1020
"996","Sassy",2020-12-17,0.405882352941176,1020
"997","Sassy",2020-12-18,0,1020
"998","Sassy",2020-12-19,0,1020
"999","Sassy",2020-12-20,0,1020
"1000","Sassy",2020-12-21,0,1020
"1001","Sassy",2020-12-22,2.75490196078431,1020
"1002","Sassy",2020-12-23,0.696737044145873,521
"1003","Stanley",2020-10-07,52.7049019607843,1020
"1004","Stanley",2020-10-08,326.909803921569,1020
"1005","Stanley",2020-10-09,369.253921568627,1020
"1006","Stanley",2020-10-10,323.650980392157,1020
"1007","Stanley",2020-10-11,287.008823529412,1020
"1008","Stanley",2020-10-12,350.151960784314,1020
"1009","Stanley",2020-10-13,423.750980392157,1020
"1010","Stanley",2020-10-14,255.458823529412,1020
"1011","Stanley",2020-10-15,266.001960784314,1020
"1012","Stanley",2020-10-16,261.120588235294,1020
"1013","Stanley",2020-10-17,220.028431372549,1020
"1014","Stanley",2020-10-18,198.260784313725,1020
"1015","Stanley",2020-10-19,194.38137254902,1020
"1016","Stanley",2020-10-20,213.727450980392,1020
"1017","Stanley",2020-10-21,277.092156862745,1020
"1018","Stanley",2020-10-22,274.000980392157,1020
"1019","Stanley",2020-10-23,237.136274509804,1020
"1020","Stanley",2020-10-24,195.06568627451,1020
"1021","Stanley",2020-10-25,172.630392156863,1020
"1022","Stanley",2020-10-26,189.037254901961,1020
"1023","Stanley",2020-10-27,388.385294117647,1020
"1024","Stanley",2020-10-28,161.075490196078,1020
"1025","Stanley",2020-10-29,268.613725490196,1020
"1026","Stanley",2020-10-30,266.733333333333,1020
"1027","Stanley",2020-10-31,242.641176470588,1020
"1028","Stanley",2020-11-01,196.322549019608,1020
"1029","Stanley",2020-11-02,181.036274509804,1020
"1030","Stanley",2020-11-03,190.988235294118,1020
"1031","Stanley",2020-11-04,219.938235294118,1020
"1032","Stanley",2020-11-05,223.353921568627,1020
"1033","Stanley",2020-11-06,142.188235294118,1020
"1034","Stanley",2020-11-07,200.026470588235,1020
"1035","Stanley",2020-11-08,291.424509803922,1020
"1036","Stanley",2020-11-09,139.629411764706,1020
"1037","Stanley",2020-11-10,177.925490196078,1020
"1038","Stanley",2020-11-11,301.726470588235,1020
"1039","Stanley",2020-11-12,163.176470588235,1020
"1040","Stanley",2020-11-13,146.394117647059,1020
"1041","Stanley",2020-11-14,247.301960784314,1020
"1042","Stanley",2020-11-15,90.1058823529412,1020
"1043","Stanley",2020-11-16,127.737254901961,1020
"1044","Stanley",2020-11-17,232.077450980392,1020
"1045","Stanley",2020-11-18,190.472549019608,1020
"1046","Stanley",2020-11-19,108.314705882353,1020
"1047","Stanley",2020-11-20,299.377450980392,1020
"1048","Stanley",2020-11-21,296.363725490196,1020
"1049","Stanley",2020-11-22,281.187254901961,1020
"1050","Stanley",2020-11-23,238.706862745098,1020
"1051","Stanley",2020-11-24,221.38431372549,1020
"1052","Stanley",2020-11-25,238.361764705882,1020
"1053","Stanley",2020-11-26,275.385294117647,1020
"1054","Stanley",2020-11-27,291.198039215686,1020
"1055","Stanley",2020-11-28,297.513725490196,1020
"1056","Stanley",2020-11-29,248.05,1020
"1057","Stanley",2020-11-30,158.936274509804,1020
"1058","Stanley",2020-12-01,307.867647058824,1020
"1059","Stanley",2020-12-02,159.842156862745,1020
"1060","Stanley",2020-12-03,332.749019607843,1020
"1061","Stanley",2020-12-04,116.152941176471,1020
"1062","Stanley",2020-12-05,184.666666666667,1020
"1063","Stanley",2020-12-06,99.0872549019608,1020
"1064","Stanley",2020-12-07,113.094117647059,1020
"1065","Stanley",2020-12-08,251.9,1020
"1066","Stanley",2020-12-09,66.1598039215686,1020
"1067","Stanley",2020-12-10,220.400980392157,1020
"1068","Stanley",2020-12-11,199.599019607843,1020
"1069","Stanley",2020-12-12,161.41568627451,1020
"1070","Stanley",2020-12-13,191.656862745098,1020
"1071","Stanley",2020-12-14,150.526470588235,1020
"1072","Stanley",2020-12-15,254.83137254902,1020
"1073","Stanley",2020-12-16,101.520588235294,1020
"1074","Stanley",2020-12-17,0.22156862745098,1020
"1075","Stanley",2020-12-18,0,1020
"1076","Stanley",2020-12-19,0,1020
"1077","Stanley",2020-12-20,0,1020
"1078","Stanley",2020-12-21,0,1020
"1079","Stanley",2020-12-22,3.00392156862745,1020
"1080","Stanley",2020-12-23,0.195167286245353,538
"1081","Westley ",2020-01-28,2.57843137254902,1020
"1082","Westley ",2020-01-29,3.44411764705882,1020
"1083","Westley ",2020-01-30,0,1020
"1084","Westley ",2020-01-31,103.923529411765,1020
"1085","Westley ",2020-02-01,194.319607843137,1020
"1086","Westley ",2020-02-02,160.773529411765,1020
"1087","Westley ",2020-02-03,236.211764705882,1020
"1088","Westley ",2020-02-04,353.866666666667,1020
"1089","Westley ",2020-02-05,315.027450980392,1020
"1090","Westley ",2020-02-06,216.692156862745,1020
"1091","Westley ",2020-02-07,232.500980392157,1020
"1092","Westley ",2020-02-08,272.444117647059,1020
"1093","Westley ",2020-02-09,272.597058823529,1020
"1094","Westley ",2020-02-10,221.326470588235,1020
"1095","Westley ",2020-02-11,311.575490196078,1020
"1096","Westley ",2020-02-12,174.026470588235,1020
"1097","Westley ",2020-02-13,375.873529411765,1020
"1098","Westley ",2020-02-14,430.903921568627,1020
"1099","Westley ",2020-02-15,261.528431372549,1020
"1100","Westley ",2020-02-16,399.467647058824,1020
"1101","Westley ",2020-02-17,378.203921568627,1020
"1102","Westley ",2020-02-18,402.136274509804,1020
"1103","Westley ",2020-02-19,339.137254901961,1020
"1104","Westley ",2020-02-20,327.48137254902,1020
"1105","Westley ",2020-02-21,411.642156862745,1020
"1106","Westley ",2020-02-22,381.190196078431,1020
"1107","Westley ",2020-02-23,432.296078431373,1020
"1108","Westley ",2020-02-24,277.385294117647,1020
"1109","Westley ",2020-02-25,242.300980392157,1020
"1110","Westley ",2020-02-26,273.251960784314,1020
"1111","Westley ",2020-02-27,263.43137254902,1020
"1112","Westley ",2020-02-28,273.396078431373,1020
"1113","Westley ",2020-02-29,324.949019607843,1020
"1114","Westley ",2020-03-01,310.48431372549,1020
"1115","Westley ",2020-03-02,254.582352941176,1020
"1116","Westley ",2020-03-03,269.156862745098,1020
"1117","Westley ",2020-03-04,304.278431372549,1020
"1118","Westley ",2020-03-05,361.894117647059,1020
"1119","Westley ",2020-03-06,310.856862745098,1020
"1120","Westley ",2020-03-07,488.398039215686,1020
"1121","Westley ",2020-03-08,210.774509803922,1020
"1122","Westley ",2020-03-09,288.551960784314,1020
"1123","Westley ",2020-03-10,321.156862745098,1020
"1124","Westley ",2020-03-11,32.4401960784314,1020
"1125","Westley ",2020-03-12,41.4147058823529,1020
"1126","Westley ",2020-03-13,4.62843137254902,1020
"1127","Westley ",2020-03-14,0,1020
"1128","Westley ",2020-03-15,0,1020
"1129","Westley ",2020-03-16,0,1020
"1130","Westley ",2020-03-17,0,1020
"1131","Westley ",2020-03-18,0,1020
"1132","Westley ",2020-03-19,0,1020
"1133","Westley ",2020-03-20,0,1020
"1134","Westley ",2020-03-21,0,1020
"1135","Westley ",2020-03-22,0,1020
"1136","Westley ",2020-03-23,0,1020
"1137","Westley ",2020-03-24,0,1020
"1138","Westley ",2020-03-25,0,1020
"1139","Westley ",2020-03-26,0,1020
"1140","Westley ",2020-03-27,0,1020
"1141","Westley ",2020-03-28,0,1020
"1142","Westley ",2020-03-29,0,1020
"1143","Westley ",2020-03-30,0,1020
"1144","Westley ",2020-03-31,0,1020
"1145","Westley ",2020-04-01,0,1020
"1146","Westley ",2020-04-02,0,1020
"1147","Westley ",2020-04-03,0,1020
"1148","Westley ",2020-04-04,0,1020
"1149","Westley ",2020-04-05,0,1020
"1150","Westley ",2020-04-06,0,1020
"1151","Westley ",2020-04-07,0.0568627450980392,1020
"1152","Westley ",2020-04-08,0,1020
"1153","Westley ",2020-04-09,0,1020
"1154","Westley ",2020-04-10,0,1020
"1155","Westley ",2020-04-11,0,1020
"1156","Westley ",2020-04-12,0,1020
"1157","Westley ",2020-04-13,0,1020
"1158","Westley ",2020-04-14,0,1020
"1159","Westley ",2020-04-15,0,1020
"1160","Westley ",2020-04-16,0,1020
"1161","Westley ",2020-04-17,0,1020
"1162","Westley ",2020-04-18,0,1020
"1163","Westley ",2020-04-19,0,1020
"1164","Westley ",2020-04-20,0,1020
"1165","Westley ",2020-04-21,0,1020
"1166","Westley ",2020-04-22,0,1020
"1167","Westley ",2020-04-23,0,1020
"1168","Westley ",2020-04-24,0,1020
"1169","Westley ",2020-04-25,0,1020
"1170","Westley ",2020-04-26,0,1020
"1171","Westley ",2020-04-27,0,1020
"1172","Westley ",2020-04-28,0,1020
"1173","Westley ",2020-04-29,0,1020
"1174","Westley ",2020-04-30,0,1020
"1175","Westley ",2020-05-01,0,1020
"1176","Westley ",2020-05-02,0,1020
"1177","Westley ",2020-05-03,0,1020
"1178","Westley ",2020-05-04,0,1020
"1179","Westley ",2020-05-05,0,1020
"1180","Westley ",2020-05-06,0.876315789473684,380
"1181","Weston 1",2019-10-01,287.891176470588,1020
"1182","Weston 1",2019-10-02,423.905882352941,1020
"1183","Weston 1",2019-10-03,328.686274509804,1020
"1184","Weston 1",2019-10-04,406.128431372549,1020
"1185","Weston 1",2019-10-05,474.638235294118,1020
"1186","Weston 1",2019-10-06,361.422549019608,1020
"1187","Weston 1",2019-10-07,409.859803921569,1020
"1188","Weston 1",2019-10-08,434.843137254902,1020
"1189","Weston 1",2019-10-09,440.66862745098,1020
"1190","Weston 1",2019-10-10,273.501960784314,1020
"1191","Weston 1",2019-10-11,363.821568627451,1020
"1192","Weston 1",2019-10-12,405.576470588235,1020
"1193","Weston 1",2019-10-13,430.457843137255,1020
"1194","Weston 1",2019-10-14,462.399019607843,1020
"1195","Weston 1",2019-10-15,262.496078431373,1020
"1196","Weston 1",2019-10-16,1.15555555555556,90
"1197","Weston 2",2019-10-16,9.88039215686275,1020
"1198","Weston 2",2019-10-17,141.028431372549,1020
"1199","Weston 2",2019-10-18,408.820588235294,1020
"1200","Weston 2",2019-10-19,412.311764705882,1020
"1201","Weston 2",2019-10-20,373.379411764706,1020
"1202","Weston 2",2019-10-21,361.323529411765,1020
"1203","Weston 2",2019-10-22,335.738235294118,1020
"1204","Weston 2",2019-10-23,457.852941176471,1020
"1205","Weston 2",2019-10-24,583.15,1020
"1206","Weston 2",2019-10-25,400.61568627451,1020
"1207","Weston 2",2019-10-26,369.880392156863,1020
"1208","Weston 2",2019-10-27,338.266666666667,1020
"1209","Weston 2",2019-10-28,361.913725490196,1020
"1210","Weston 2",2019-10-29,415.353921568627,1020
"1211","Weston 2",2019-10-30,382.556862745098,1020
"1212","Weston 2",2019-10-31,291.574509803922,1020
"1213","Weston 2",2019-11-01,277.993137254902,1020
"1214","Weston 2",2019-11-02,334.656862745098,1020
"1215","Weston 2",2019-11-03,319.308823529412,1020
"1216","Weston 2",2019-11-04,369.460784313725,1020
"1217","Weston 2",2019-11-05,417.891176470588,1020
"1218","Weston 2",2019-11-06,384.574509803922,1020
"1219","Weston 2",2019-11-07,433.837254901961,1020
"1220","Weston 2",2019-11-08,355.699019607843,1020
"1221","Weston 2",2019-11-09,411.28431372549,1020
"1222","Weston 2",2019-11-10,353.324509803922,1020
"1223","Weston 2",2019-11-11,416.441176470588,1020
"1224","Weston 2",2019-11-12,407.809803921569,1020
"1225","Weston 2",2019-11-13,439.567647058824,1020
"1226","Weston 2",2019-11-14,245.097058823529,1020
"1227","Weston 2",2019-11-15,347.157843137255,1020
"1228","Weston 2",2019-11-16,305.633333333333,1020
"1229","Weston 2",2019-11-17,294.969607843137,1020
"1230","Weston 2",2019-11-18,343.506862745098,1020
"1231","Weston 2",2019-11-19,214,1020
"1232","Weston 2",2019-11-20,7.69803921568627,1020
"1233","Weston 2",2019-11-21,13.4401960784314,1020
"1234","Weston 2",2019-11-22,4.17941176470588,1020
"1235","Weston 2",2019-11-23,0,1020
"1236","Weston 2",2019-11-24,0,1020
"1237","Weston 2",2019-11-25,0,1020
"1238","Weston 2",2019-11-26,0.0411764705882353,1020
"1239","Weston 2",2019-11-27,0.146078431372549,1020
"1240","Weston 2",2019-11-28,0,1020
"1241","Weston 2",2019-11-29,0,1020
"1242","Weston 2",2019-11-30,0,1020
"1243","Weston 2",2019-12-01,0,1020
"1244","Weston 2",2019-12-02,0,1020
"1245","Weston 2",2019-12-03,0,1020
"1246","Weston 2",2019-12-04,0,1020
"1247","Weston 2",2019-12-05,0,1020
"1248","Weston 2",2019-12-06,2.24019607843137,1020
"1249","Weston 2",2019-12-07,0,1020
"1250","Weston 2",2019-12-08,0,1020
"1251","Weston 2",2019-12-09,0.487745098039216,408
"1252","Wisdom",2020-01-28,4.80196078431373,1020
"1253","Wisdom",2020-01-29,5.79607843137255,1020
"1254","Wisdom",2020-01-30,0,1020
"1255","Wisdom",2020-01-31,69.4745098039216,1020
"1256","Wisdom",2020-02-01,101.252941176471,1020
"1257","Wisdom",2020-02-02,182.062745098039,1020
"1258","Wisdom",2020-02-03,225.358823529412,1020
"1259","Wisdom",2020-02-04,150.502941176471,1020
"1260","Wisdom",2020-02-05,125.009803921569,1020
"1261","Wisdom",2020-02-06,64.5196078431373,1020
"1262","Wisdom",2020-02-07,122.863725490196,1020
"1263","Wisdom",2020-02-08,109.670588235294,1020
"1264","Wisdom",2020-02-09,185.123529411765,1020
"1265","Wisdom",2020-02-10,130.297058823529,1020
"1266","Wisdom",2020-02-11,83.3098039215686,1020
"1267","Wisdom",2020-02-12,152.194117647059,1020
"1268","Wisdom",2020-02-13,104.81862745098,1020
"1269","Wisdom",2020-02-14,133.630392156863,1020
"1270","Wisdom",2020-02-15,184.404901960784,1020
"1271","Wisdom",2020-02-16,143.801960784314,1020
"1272","Wisdom",2020-02-17,557.973529411765,1020
"1273","Wisdom",2020-02-18,407.21862745098,1020
"1274","Wisdom",2020-02-19,458.240196078431,1020
"1275","Wisdom",2020-02-20,365.941176470588,1020
"1276","Wisdom",2020-02-21,460.444117647059,1020
"1277","Wisdom",2020-02-22,401.174509803922,1020
"1278","Wisdom",2020-02-23,494.837254901961,1020
"1279","Wisdom",2020-02-24,343.035294117647,1020
"1280","Wisdom",2020-02-25,407.914705882353,1020
"1281","Wisdom",2020-02-26,391.883333333333,1020
"1282","Wisdom",2020-02-27,158.146078431373,1020
"1283","Wisdom",2020-02-28,412.987254901961,1020
"1284","Wisdom",2020-02-29,355.93137254902,1020
"1285","Wisdom",2020-03-01,437.608823529412,1020
"1286","Wisdom",2020-03-02,317.779411764706,1020
"1287","Wisdom",2020-03-03,379.043137254902,1020
"1288","Wisdom",2020-03-04,360.876470588235,1020
"1289","Wisdom",2020-03-05,334.03137254902,1020
"1290","Wisdom",2020-03-06,441.745098039216,1020
"1291","Wisdom",2020-03-07,549.052941176471,1020
"1292","Wisdom",2020-03-08,250.780392156863,1020
"1293","Wisdom",2020-03-09,360.139215686274,1020
"1294","Wisdom",2020-03-10,328.010784313725,1020
"1295","Wisdom",2020-03-11,75.8598039215686,1020
"1296","Wisdom",2020-03-12,31.2647058823529,1020
"1297","Wisdom",2020-03-13,7.56078431372549,1020
"1298","Wisdom",2020-03-14,0,1020
"1299","Wisdom",2020-03-15,0,1020
"1300","Wisdom",2020-03-16,0,1020
"1301","Wisdom",2020-03-17,0,1020
"1302","Wisdom",2020-03-18,0,1020
"1303","Wisdom",2020-03-19,0,1020
"1304","Wisdom",2020-03-20,0,1020
"1305","Wisdom",2020-03-21,0,1020
"1306","Wisdom",2020-03-22,0,1020
"1307","Wisdom",2020-03-23,0,1020
"1308","Wisdom",2020-03-24,0,1020
"1309","Wisdom",2020-03-25,0,1020
"1310","Wisdom",2020-03-26,0,1020
"1311","Wisdom",2020-03-27,0,1020
"1312","Wisdom",2020-03-28,0,1020
"1313","Wisdom",2020-03-29,0,1020
"1314","Wisdom",2020-03-30,0,1020
"1315","Wisdom",2020-03-31,0,1020
"1316","Wisdom",2020-04-01,0,1020
"1317","Wisdom",2020-04-02,0,1020
"1318","Wisdom",2020-04-03,0,1020
"1319","Wisdom",2020-04-04,0,1020
"1320","Wisdom",2020-04-05,0,1020
"1321","Wisdom",2020-04-06,0,1020
"1322","Wisdom",2020-04-07,0.0225490196078431,1020
"1323","Wisdom",2020-04-08,0,1020
"1324","Wisdom",2020-04-09,0,1020
"1325","Wisdom",2020-04-10,0,1020
"1326","Wisdom",2020-04-11,0,1020
"1327","Wisdom",2020-04-12,0,1020
"1328","Wisdom",2020-04-13,0,1020
"1329","Wisdom",2020-04-14,0,1020
"1330","Wisdom",2020-04-15,0,1020
"1331","Wisdom",2020-04-16,0,1020
"1332","Wisdom",2020-04-17,0,1020
"1333","Wisdom",2020-04-18,0,1020
"1334","Wisdom",2020-04-19,0,1020
"1335","Wisdom",2020-04-20,0,1020
"1336","Wisdom",2020-04-21,0,1020
"1337","Wisdom",2020-04-22,0,1020
"1338","Wisdom",2020-04-23,0,1020
"1339","Wisdom",2020-04-24,0,1020
"1340","Wisdom",2020-04-25,0,1020
"1341","Wisdom",2020-04-26,0,1020
"1342","Wisdom",2020-04-27,0,1020
"1343","Wisdom",2020-04-28,0,1020
"1344","Wisdom",2020-04-29,0,1020
"1345","Wisdom",2020-04-30,0,1020
"1346","Wisdom",2020-05-01,0,1020
"1347","Wisdom",2020-05-02,0,1020
"1348","Wisdom",2020-05-03,0,1020
"1349","Wisdom",2020-05-04,0,1020
"1350","Wisdom",2020-05-05,0,1020
"1351","Wisdom",2020-05-06,0.79144385026738,374
"1352","Ying 1",2019-10-01,216.436274509804,1020
"1353","Ying 1",2019-10-02,298.321568627451,1020
"1354","Ying 1",2019-10-03,312.360784313726,1020
"1355","Ying 1",2019-10-04,264.699019607843,1020
"1356","Ying 1",2019-10-05,293.349019607843,1020
"1357","Ying 1",2019-10-06,251.106862745098,1020
"1358","Ying 1",2019-10-07,297.958823529412,1020
"1359","Ying 1",2019-10-08,275.353921568627,1020
"1360","Ying 1",2019-10-09,328.725490196078,1020
"1361","Ying 1",2019-10-10,238.602941176471,1020
"1362","Ying 1",2019-10-11,349.571568627451,1020
"1363","Ying 1",2019-10-12,298.16568627451,1020
"1364","Ying 1",2019-10-13,257.632352941176,1020
"1365","Ying 1",2019-10-14,290.01862745098,1020
"1366","Ying 1",2019-10-15,217.999019607843,1020
"1367","Ying 1",2019-10-16,0.97196261682243,107
"1368","Ying 2",2019-10-16,4.30294117647059,1020
"1369","Ying 2",2019-10-17,181.845098039216,1020
"1370","Ying 2",2019-10-18,320.614705882353,1020
"1371","Ying 2",2019-10-19,286.358823529412,1020
"1372","Ying 2",2019-10-20,300.820588235294,1020
"1373","Ying 2",2019-10-21,248.622549019608,1020
"1374","Ying 2",2019-10-22,251.382352941176,1020
"1375","Ying 2",2019-10-23,329.301960784314,1020
"1376","Ying 2",2019-10-24,333.041176470588,1020
"1377","Ying 2",2019-10-25,297.005882352941,1020
"1378","Ying 2",2019-10-26,295.019607843137,1020
"1379","Ying 2",2019-10-27,294.017647058824,1020
"1380","Ying 2",2019-10-28,249.163725490196,1020
"1381","Ying 2",2019-10-29,296.48431372549,1020
"1382","Ying 2",2019-10-30,360.517647058824,1020
"1383","Ying 2",2019-10-31,212.616666666667,1020
"1384","Ying 2",2019-11-01,295.579411764706,1020
"1385","Ying 2",2019-11-02,227.51568627451,1020
"1386","Ying 2",2019-11-03,184.099019607843,1020
"1387","Ying 2",2019-11-04,243.81568627451,1020
"1388","Ying 2",2019-11-05,284.402941176471,1020
"1389","Ying 2",2019-11-06,309.941176470588,1020
"1390","Ying 2",2019-11-07,389.362745098039,1020
"1391","Ying 2",2019-11-08,316.042156862745,1020
"1392","Ying 2",2019-11-09,278.177450980392,1020
"1393","Ying 2",2019-11-10,290.701960784314,1020
"1394","Ying 2",2019-11-11,204.399019607843,1020
"1395","Ying 2",2019-11-12,237.203921568627,1020
"1396","Ying 2",2019-11-13,361.98431372549,1020
"1397","Ying 2",2019-11-14,223.732352941176,1020
"1398","Ying 2",2019-11-15,395.298039215686,1020
"1399","Ying 2",2019-11-16,274.874509803922,1020
"1400","Ying 2",2019-11-17,237.010784313725,1020
"1401","Ying 2",2019-11-18,225.512745098039,1020
"1402","Ying 2",2019-11-19,221.351960784314,1020
"1403","Ying 2",2019-11-20,6.37941176470588,1020
"1404","Ying 2",2019-11-21,8.8343137254902,1020
"1405","Ying 2",2019-11-22,4.51274509803922,1020
"1406","Ying 2",2019-11-23,0,1020
"1407","Ying 2",2019-11-24,0,1020
"1408","Ying 2",2019-11-25,0,1020
"1409","Ying 2",2019-11-26,0.0225490196078431,1020
"1410","Ying 2",2019-11-27,0.113725490196078,1020
"1411","Ying 2",2019-11-28,0,1020
"1412","Ying 2",2019-11-29,0,1020
"1413","Ying 2",2019-11-30,0,1020
"1414","Ying 2",2019-12-01,0,1020
"1415","Ying 2",2019-12-02,0,1020
"1416","Ying 2",2019-12-03,0,1020
"1417","Ying 2",2019-12-04,0,1020
"1418","Ying 2",2019-12-05,0,1020
"1419","Ying 2",2019-12-06,2.13725490196078,1020
"1420","Ying 2",2019-12-07,0,1020
"1421","Ying 2",2019-12-08,0,1020
"1422","Ying 2",2019-12-09,0.585427135678392,398
"1423","Yolanda 1",2019-10-01,196.849019607843,1020
"1424","Yolanda 1",2019-10-02,353.346078431373,1020
"1425","Yolanda 1",2019-10-03,329.96862745098,1020
"1426","Yolanda 1",2019-10-04,361.608823529412,1020
"1427","Yolanda 1",2019-10-05,298.242156862745,1020
"1428","Yolanda 1",2019-10-06,322.717647058824,1020
"1429","Yolanda 1",2019-10-07,399.688235294118,1020
"1430","Yolanda 1",2019-10-08,335.857843137255,1020
"1431","Yolanda 1",2019-10-09,328.878431372549,1020
"1432","Yolanda 1",2019-10-10,354.803921568627,1020
"1433","Yolanda 1",2019-10-11,343.86862745098,1020
"1434","Yolanda 1",2019-10-12,289.38431372549,1020
"1435","Yolanda 1",2019-10-13,259.679411764706,1020
"1436","Yolanda 1",2019-10-14,390.582352941176,1020
"1437","Yolanda 1",2019-10-15,272.239215686275,1020
"1438","Yolanda 1",2019-10-16,0.598290598290598,117
"1439","Yolanda 2",2019-10-16,4.62450980392157,1020
"1440","Yolanda 2",2019-10-17,181.535294117647,1020
"1441","Yolanda 2",2019-10-18,303.48137254902,1020
"1442","Yolanda 2",2019-10-19,311.237254901961,1020
"1443","Yolanda 2",2019-10-20,283.193137254902,1020
"1444","Yolanda 2",2019-10-21,337.655882352941,1020
"1445","Yolanda 2",2019-10-22,280.448039215686,1020
"1446","Yolanda 2",2019-10-23,354.595098039216,1020
"1447","Yolanda 2",2019-10-24,411.867647058824,1020
"1448","Yolanda 2",2019-10-25,219.991176470588,1020
"1449","Yolanda 2",2019-10-26,265.522549019608,1020
"1450","Yolanda 2",2019-10-27,266.097058823529,1020
"1451","Yolanda 2",2019-10-28,260.855882352941,1020
"1452","Yolanda 2",2019-10-29,254.852941176471,1020
"1453","Yolanda 2",2019-10-30,299.297058823529,1020
"1454","Yolanda 2",2019-10-31,204.144117647059,1020
"1455","Yolanda 2",2019-11-01,315.61568627451,1020
"1456","Yolanda 2",2019-11-02,296.404901960784,1020
"1457","Yolanda 2",2019-11-03,156.367647058824,1020
"1458","Yolanda 2",2019-11-04,246.860784313726,1020
"1459","Yolanda 2",2019-11-05,214.216666666667,1020
"1460","Yolanda 2",2019-11-06,171.359803921569,1020
"1461","Yolanda 2",2019-11-07,140.401960784314,1020
"1462","Yolanda 2",2019-11-08,315.111764705882,1020
"1463","Yolanda 2",2019-11-09,220.854901960784,1020
"1464","Yolanda 2",2019-11-10,140.317647058824,1020
"1465","Yolanda 2",2019-11-11,175.320588235294,1020
"1466","Yolanda 2",2019-11-12,195.172549019608,1020
"1467","Yolanda 2",2019-11-13,148.519607843137,1020
"1468","Yolanda 2",2019-11-14,233.696078431373,1020
"1469","Yolanda 2",2019-11-15,244.740196078431,1020
"1470","Yolanda 2",2019-11-16,170.246078431373,1020
"1471","Yolanda 2",2019-11-17,178.829411764706,1020
"1472","Yolanda 2",2019-11-18,215.820588235294,1020
"1473","Yolanda 2",2019-11-19,87.8039215686274,1020
"1474","Yolanda 2",2019-11-20,5.56176470588235,1020
"1475","Yolanda 2",2019-11-21,7.49705882352941,1020
"1476","Yolanda 2",2019-11-22,2.82647058823529,1020
"1477","Yolanda 2",2019-11-23,0,1020
"1478","Yolanda 2",2019-11-24,0,1020
"1479","Yolanda 2",2019-11-25,0,1020
"1480","Yolanda 2",2019-11-26,0.0225490196078431,1020
"1481","Yolanda 2",2019-11-27,0.125490196078431,1020
"1482","Yolanda 2",2019-11-28,0,1020
"1483","Yolanda 2",2019-11-29,0,1020
"1484","Yolanda 2",2019-11-30,0,1020
"1485","Yolanda 2",2019-12-01,0,1020
"1486","Yolanda 2",2019-12-02,0,1020
"1487","Yolanda 2",2019-12-03,0,1020
"1488","Yolanda 2",2019-12-04,0,1020
"1489","Yolanda 2",2019-12-05,0,1020
"1490","Yolanda 2",2019-12-06,1.40980392156863,1020
"1491","Yolanda 2",2019-12-07,0,1020
"1492","Yolanda 2",2019-12-08,0,1020
"1493","Yolanda 2",2019-12-09,0.536269430051813,386
"1494","Yonder",2020-01-28,2.64901960784314,1020
"1495","Yonder",2020-01-29,3.22745098039216,1020
"1496","Yonder",2020-01-30,0,1020
"1497","Yonder",2020-01-31,1.83333333333333,1020
"1498","Yonder",2020-02-01,0,1020
"1499","Yonder",2020-02-02,0,1020
"1500","Yonder",2020-02-03,1.85294117647059,1020
"1501","Yonder",2020-02-04,9.43725490196078,1020
"1502","Yonder",2020-02-05,438.638235294118,1020
"1503","Yonder",2020-02-06,304.485294117647,1020
"1504","Yonder",2020-02-07,357.378431372549,1020
"1505","Yonder",2020-02-08,338.155882352941,1020
"1506","Yonder",2020-02-09,330.636274509804,1020
"1507","Yonder",2020-02-10,317.036274509804,1020
"1508","Yonder",2020-02-11,316.190196078431,1020
"1509","Yonder",2020-02-12,321.744117647059,1020
"1510","Yonder",2020-02-13,338.251960784314,1020
"1511","Yonder",2020-02-14,329.185294117647,1020
"1512","Yonder",2020-02-15,380.051960784314,1020
"1513","Yonder",2020-02-16,350.582352941176,1020
"1514","Yonder",2020-02-17,714.677450980392,1020
"1515","Yonder",2020-02-18,537.390196078431,1020
"1516","Yonder",2020-02-19,488.652941176471,1020
"1517","Yonder",2020-02-20,488.367647058824,1020
"1518","Yonder",2020-02-21,468.866666666667,1020
"1519","Yonder",2020-02-22,486.183333333333,1020
"1520","Yonder",2020-02-23,537.854901960784,1020
"1521","Yonder",2020-02-24,477.440196078431,1020
"1522","Yonder",2020-02-25,393.629411764706,1020
"1523","Yonder",2020-02-26,432.172549019608,1020
"1524","Yonder",2020-02-27,403.364705882353,1020
"1525","Yonder",2020-02-28,448.687254901961,1020
"1526","Yonder",2020-02-29,306.686274509804,1020
"1527","Yonder",2020-03-01,381.750980392157,1020
"1528","Yonder",2020-03-02,449.551960784314,1020
"1529","Yonder",2020-03-03,342.558823529412,1020
"1530","Yonder",2020-03-04,342.009803921569,1020
"1531","Yonder",2020-03-05,454.396078431373,1020
"1532","Yonder",2020-03-06,481.447058823529,1020
"1533","Yonder",2020-03-07,535.292156862745,1020
"1534","Yonder",2020-03-08,324.891176470588,1020
"1535","Yonder",2020-03-09,389.329411764706,1020
"1536","Yonder",2020-03-10,432.598039215686,1020
"1537","Yonder",2020-03-11,87.4313725490196,1020
"1538","Yonder",2020-03-12,36.0892156862745,1020
"1539","Yonder",2020-03-13,5.13039215686275,1020
"1540","Yonder",2020-03-14,0,1020
"1541","Yonder",2020-03-15,0,1020
"1542","Yonder",2020-03-16,0,1020
"1543","Yonder",2020-03-17,0,1020
"1544","Yonder",2020-03-18,0,1020
"1545","Yonder",2020-03-19,0,1020
"1546","Yonder",2020-03-20,0,1020
"1547","Yonder",2020-03-21,0,1020
"1548","Yonder",2020-03-22,0,1020
"1549","Yonder",2020-03-23,0,1020
"1550","Yonder",2020-03-24,0,1020
"1551","Yonder",2020-03-25,0,1020
"1552","Yonder",2020-03-26,0,1020
"1553","Yonder",2020-03-27,0,1020
"1554","Yonder",2020-03-28,0,1020
"1555","Yonder",2020-03-29,0,1020
"1556","Yonder",2020-03-30,0,1020
"1557","Yonder",2020-03-31,0,1020
"1558","Yonder",2020-04-01,0,1020
"1559","Yonder",2020-04-02,0,1020
"1560","Yonder",2020-04-03,0,1020
"1561","Yonder",2020-04-04,0,1020
"1562","Yonder",2020-04-05,0,1020
"1563","Yonder",2020-04-06,0,1020
"1564","Yonder",2020-04-07,0.0303921568627451,1020
"1565","Yonder",2020-04-08,0,1020
"1566","Yonder",2020-04-09,0,1020
"1567","Yonder",2020-04-10,0,1020
"1568","Yonder",2020-04-11,0,1020
"1569","Yonder",2020-04-12,0,1020
"1570","Yonder",2020-04-13,0,1020
"1571","Yonder",2020-04-14,0,1020
"1572","Yonder",2020-04-15,0,1020
"1573","Yonder",2020-04-16,0,1020
"1574","Yonder",2020-04-17,0,1020
"1575","Yonder",2020-04-18,0,1020
"1576","Yonder",2020-04-19,0,1020
"1577","Yonder",2020-04-20,0,1020
"1578","Yonder",2020-04-21,0,1020
"1579","Yonder",2020-04-22,0,1020
"1580","Yonder",2020-04-23,0,1020
"1581","Yonder",2020-04-24,0,1020
"1582","Yonder",2020-04-25,0,1020
"1583","Yonder",2020-04-26,0,1020
"1584","Yonder",2020-04-27,0,1020
"1585","Yonder",2020-04-28,0,1020
"1586","Yonder",2020-04-29,0,1020
"1587","Yonder",2020-04-30,0,1020
"1588","Yonder",2020-05-01,0,1020
"1589","Yonder",2020-05-02,0,1020
"1590","Yonder",2020-05-03,0,1020
"1591","Yonder",2020-05-04,0,1020
"1592","Yonder",2020-05-05,0,1020
"1593","Yonder",2020-05-06,0.90625,352
"1594","Zax 1",2019-10-01,247.658823529412,1020
"1595","Zax 1",2019-10-02,298.329411764706,1020
"1596","Zax 1",2019-10-03,355.392156862745,1020
"1597","Zax 1",2019-10-04,362.063725490196,1020
"1598","Zax 1",2019-10-05,368.63431372549,1020
"1599","Zax 1",2019-10-06,298.348039215686,1020
"1600","Zax 1",2019-10-07,369.151960784314,1020
"1601","Zax 1",2019-10-08,342.161764705882,1020
"1602","Zax 1",2019-10-09,319.063725490196,1020
"1603","Zax 1",2019-10-10,357.108823529412,1020
"1604","Zax 1",2019-10-11,352.756862745098,1020
"1605","Zax 1",2019-10-12,374.133333333333,1020
"1606","Zax 1",2019-10-13,322.028431372549,1020
"1607","Zax 1",2019-10-14,321.728431372549,1020
"1608","Zax 1",2019-10-15,261.083333333333,1020
"1609","Zax 1",2019-10-16,0.783783783783784,111
"1610","Zax 2",2019-10-16,7.00686274509804,1020
"1611","Zax 2",2019-10-17,139.371568627451,1020
"1612","Zax 2",2019-10-18,378.966666666667,1020
"1613","Zax 2",2019-10-19,311.700980392157,1020
"1614","Zax 2",2019-10-20,317.286274509804,1020
"1615","Zax 2",2019-10-21,248.13431372549,1020
"1616","Zax 2",2019-10-22,447.629411764706,1020
"1617","Zax 2",2019-10-23,291.262745098039,1020
"1618","Zax 2",2019-10-24,390.791176470588,1020
"1619","Zax 2",2019-10-25,298.838235294118,1020
"1620","Zax 2",2019-10-26,295.13431372549,1020
"1621","Zax 2",2019-10-27,275.208823529412,1020
"1622","Zax 2",2019-10-28,284.830392156863,1020
"1623","Zax 2",2019-10-29,314.253921568627,1020
"1624","Zax 2",2019-10-30,407.062745098039,1020
"1625","Zax 2",2019-10-31,233.472549019608,1020
"1626","Zax 2",2019-11-01,374.680392156863,1020
"1627","Zax 2",2019-11-02,348.085294117647,1020
"1628","Zax 2",2019-11-03,274.328431372549,1020
"1629","Zax 2",2019-11-04,330.664705882353,1020
"1630","Zax 2",2019-11-05,285.995098039216,1020
"1631","Zax 2",2019-11-06,365.646078431373,1020
"1632","Zax 2",2019-11-07,437.363725490196,1020
"1633","Zax 2",2019-11-08,333.504901960784,1020
"1634","Zax 2",2019-11-09,330.900980392157,1020
"1635","Zax 2",2019-11-10,331.028431372549,1020
"1636","Zax 2",2019-11-11,333.641176470588,1020
"1637","Zax 2",2019-11-12,290.496078431373,1020
"1638","Zax 2",2019-11-13,340.671568627451,1020
"1639","Zax 2",2019-11-14,297.980392156863,1020
"1640","Zax 2",2019-11-15,314.280392156863,1020
"1641","Zax 2",2019-11-16,309.092156862745,1020
"1642","Zax 2",2019-11-17,273.146078431373,1020
"1643","Zax 2",2019-11-18,244.490196078431,1020
"1644","Zax 2",2019-11-19,130.53431372549,1020
"1645","Zax 2",2019-11-20,7.58823529411765,1020
"1646","Zax 2",2019-11-21,10.9833333333333,1020
"1647","Zax 2",2019-11-22,5.99705882352941,1020
"1648","Zax 2",2019-11-23,0,1020
"1649","Zax 2",2019-11-24,0,1020
"1650","Zax 2",2019-11-25,0,1020
"1651","Zax 2",2019-11-26,0.0117647058823529,1020
"1652","Zax 2",2019-11-27,0.145098039215686,1020
"1653","Zax 2",2019-11-28,0,1020
"1654","Zax 2",2019-11-29,0,1020
"1655","Zax 2",2019-11-30,0,1020
"1656","Zax 2",2019-12-01,0,1020
"1657","Zax 2",2019-12-02,0,1020
"1658","Zax 2",2019-12-03,0,1020
"1659","Zax 2",2019-12-04,0,1020
"1660","Zax 2",2019-12-05,0,1020
"1661","Zax 2",2019-12-06,1.11764705882353,1020
"1662","Zax 2",2019-12-07,0,1020
"1663","Zax 2",2019-12-08,0,1020
"1664","Zax 2",2019-12-09,0.608478802992519,401
"1665","Zina 1",2019-10-01,197.411764705882,1020
"1666","Zina 1",2019-10-02,266.290196078431,1020
"1667","Zina 1",2019-10-03,255.987254901961,1020
"1668","Zina 1",2019-10-04,255.78137254902,1020
"1669","Zina 1",2019-10-05,229.441176470588,1020
"1670","Zina 1",2019-10-06,292.802941176471,1020
"1671","Zina 1",2019-10-07,267.337254901961,1020
"1672","Zina 1",2019-10-08,278.519607843137,1020
"1673","Zina 1",2019-10-09,272.324509803922,1020
"1674","Zina 1",2019-10-10,362.772549019608,1020
"1675","Zina 1",2019-10-11,259.153921568627,1020
"1676","Zina 1",2019-10-12,286.798039215686,1020
"1677","Zina 1",2019-10-13,298.236274509804,1020
"1678","Zina 1",2019-10-14,236.123529411765,1020
"1679","Zina 1",2019-10-15,169.540196078431,1020
"1680","Zina 1",2019-10-16,0,85
"1681","Zina 2",2019-10-16,5.55196078431373,1020
"1682","Zina 2",2019-10-17,172.955882352941,1020
"1683","Zina 2",2019-10-18,289.273529411765,1020
"1684","Zina 2",2019-10-19,263.091176470588,1020
"1685","Zina 2",2019-10-20,313.428431372549,1020
"1686","Zina 2",2019-10-21,240.073529411765,1020
"1687","Zina 2",2019-10-22,248.66862745098,1020
"1688","Zina 2",2019-10-23,261.882352941176,1020
"1689","Zina 2",2019-10-24,368.985294117647,1020
"1690","Zina 2",2019-10-25,194.207843137255,1020
"1691","Zina 2",2019-10-26,298.063725490196,1020
"1692","Zina 2",2019-10-27,254.055882352941,1020
"1693","Zina 2",2019-10-28,204.625490196078,1020
"1694","Zina 2",2019-10-29,295.388235294118,1020
"1695","Zina 2",2019-10-30,286.474509803922,1020
"1696","Zina 2",2019-10-31,203.228431372549,1020
"1697","Zina 2",2019-11-01,298.190196078431,1020
"1698","Zina 2",2019-11-02,237.629411764706,1020
"1699","Zina 2",2019-11-03,159.527450980392,1020
"1700","Zina 2",2019-11-04,260.763725490196,1020
"1701","Zina 2",2019-11-05,219.886274509804,1020
"1702","Zina 2",2019-11-06,326.598039215686,1020
"1703","Zina 2",2019-11-07,311.5,1020
"1704","Zina 2",2019-11-08,374.903921568627,1020
"1705","Zina 2",2019-11-09,234.603921568627,1020
"1706","Zina 2",2019-11-10,226.714705882353,1020
"1707","Zina 2",2019-11-11,234.526470588235,1020
"1708","Zina 2",2019-11-12,179.698039215686,1020
"1709","Zina 2",2019-11-13,258.700980392157,1020
"1710","Zina 2",2019-11-14,234.796078431373,1020
"1711","Zina 2",2019-11-15,238.557843137255,1020
"1712","Zina 2",2019-11-16,265.069607843137,1020
"1713","Zina 2",2019-11-17,212.517647058824,1020
"1714","Zina 2",2019-11-18,178.700980392157,1020
"1715","Zina 2",2019-11-19,197.973529411765,1020
"1716","Zina 2",2019-11-20,11.1666666666667,1020
"1717","Zina 2",2019-11-21,7.15294117647059,1020
"1718","Zina 2",2019-11-22,4.57843137254902,1020
"1719","Zina 2",2019-11-23,0,1020
"1720","Zina 2",2019-11-24,0,1020
"1721","Zina 2",2019-11-25,0,1020
"1722","Zina 2",2019-11-26,0.046078431372549,1020
"1723","Zina 2",2019-11-27,0.125490196078431,1020
"1724","Zina 2",2019-11-28,0,1020
"1725","Zina 2",2019-11-29,0,1020
"1726","Zina 2",2019-11-30,0,1020
"1727","Zina 2",2019-12-01,0,1020
"1728","Zina 2",2019-12-02,0,1020
"1729","Zina 2",2019-12-03,0,1020
"1730","Zina 2",2019-12-04,0,1020
"1731","Zina 2",2019-12-05,0,1020
"1732","Zina 2",2019-12-06,1.3343137254902,1020
"1733","Zina 2",2019-12-07,0,1020
"1734","Zina 2",2019-12-08,0,1020
"1735","Zina 2",2019-12-09,0.572481572481572,407
"1736","Zindel",2020-01-28,2.63333333333333,1020
"1737","Zindel",2020-01-29,4.11960784313725,1020
"1738","Zindel",2020-01-30,0.137254901960784,1020
"1739","Zindel",2020-01-31,0.399019607843137,1020
"1740","Zindel",2020-02-01,0,1020
"1741","Zindel",2020-02-02,0,1020
"1742","Zindel",2020-02-03,1.95980392156863,1020
"1743","Zindel",2020-02-04,3.95588235294118,1020
"1744","Zindel",2020-02-05,178.435294117647,1020
"1745","Zindel",2020-02-06,274.121568627451,1020
"1746","Zindel",2020-02-07,228.88137254902,1020
"1747","Zindel",2020-02-08,288.039215686275,1020
"1748","Zindel",2020-02-09,326.222549019608,1020
"1749","Zindel",2020-02-10,109.689215686275,1020
"1750","Zindel",2020-02-11,325.587254901961,1020
"1751","Zindel",2020-02-12,161.936274509804,1020
"1752","Zindel",2020-02-13,110.508823529412,1020
"1753","Zindel",2020-02-14,414.706862745098,1020
"1754","Zindel",2020-02-15,356.271568627451,1020
"1755","Zindel",2020-02-16,151.703921568627,1020
"1756","Zindel",2020-02-17,602.820588235294,1020
"1757","Zindel",2020-02-18,84.9794117647059,1020
"1758","Zindel",2020-02-19,515.710784313726,1020
"1759","Zindel",2020-02-20,497.623529411765,1020
"1760","Zindel",2020-02-21,452.313725490196,1020
"1761","Zindel",2020-02-22,419.213725490196,1020
"1762","Zindel",2020-02-23,455.439215686275,1020
"1763","Zindel",2020-02-24,427.152941176471,1020
"1764","Zindel",2020-02-25,338.723529411765,1020
"1765","Zindel",2020-02-26,322.361764705882,1020
"1766","Zindel",2020-02-27,325.174509803922,1020
"1767","Zindel",2020-02-28,282.492156862745,1020
"1768","Zindel",2020-02-29,304.416666666667,1020
"1769","Zindel",2020-03-01,359.832352941176,1020
"1770","Zindel",2020-03-02,312.502941176471,1020
"1771","Zindel",2020-03-03,253.797058823529,1020
"1772","Zindel",2020-03-04,295.327450980392,1020
"1773","Zindel",2020-03-05,312.226470588235,1020
"1774","Zindel",2020-03-06,359.887254901961,1020
"1775","Zindel",2020-03-07,321.501960784314,1020
"1776","Zindel",2020-03-08,267.139215686274,1020
"1777","Zindel",2020-03-09,283.991176470588,1020
"1778","Zindel",2020-03-10,287.858823529412,1020
"1779","Zindel",2020-03-11,47.9921568627451,1020
"1780","Zindel",2020-03-12,37.1794117647059,1020
"1781","Zindel",2020-03-13,7.30098039215686,1020
"1782","Zindel",2020-03-14,0,1020
"1783","Zindel",2020-03-15,0,1020
"1784","Zindel",2020-03-16,0,1020
"1785","Zindel",2020-03-17,0,1020
"1786","Zindel",2020-03-18,0,1020
"1787","Zindel",2020-03-19,0,1020
"1788","Zindel",2020-03-20,0,1020
"1789","Zindel",2020-03-21,0,1020
"1790","Zindel",2020-03-22,0,1020
"1791","Zindel",2020-03-23,0,1020
"1792","Zindel",2020-03-24,0,1020
"1793","Zindel",2020-03-25,0,1020
"1794","Zindel",2020-03-26,0,1020
"1795","Zindel",2020-03-27,0,1020
"1796","Zindel",2020-03-28,0,1020
"1797","Zindel",2020-03-29,0,1020
"1798","Zindel",2020-03-30,0,1020
"1799","Zindel",2020-03-31,0,1020
"1800","Zindel",2020-04-01,0,1020
"1801","Zindel",2020-04-02,0,1020
"1802","Zindel",2020-04-03,0,1020
"1803","Zindel",2020-04-04,0,1020
"1804","Zindel",2020-04-05,0,1020
"1805","Zindel",2020-04-06,0,1020
"1806","Zindel",2020-04-07,0.046078431372549,1020
"1807","Zindel",2020-04-08,0,1020
"1808","Zindel",2020-04-09,0,1020
"1809","Zindel",2020-04-10,0,1020
"1810","Zindel",2020-04-11,0,1020
"1811","Zindel",2020-04-12,0,1020
"1812","Zindel",2020-04-13,0,1020
"1813","Zindel",2020-04-14,0,1020
"1814","Zindel",2020-04-15,0,1020
"1815","Zindel",2020-04-16,0,1020
"1816","Zindel",2020-04-17,0,1020
"1817","Zindel",2020-04-18,0,1020
"1818","Zindel",2020-04-19,0,1020
"1819","Zindel",2020-04-20,0,1020
"1820","Zindel",2020-04-21,0,1020
"1821","Zindel",2020-04-22,0,1020
"1822","Zindel",2020-04-23,0,1020
"1823","Zindel",2020-04-24,0,1020
"1824","Zindel",2020-04-25,0,1020
"1825","Zindel",2020-04-26,0,1020
"1826","Zindel",2020-04-27,0,1020
"1827","Zindel",2020-04-28,0,1020
"1828","Zindel",2020-04-29,0,1020
"1829","Zindel",2020-04-30,0,1020
"1830","Zindel",2020-05-01,0,1020
"1831","Zindel",2020-05-02,0,1020
"1832","Zindel",2020-05-03,0,1020
"1833","Zindel",2020-05-04,0,1020
"1834","Zindel",2020-05-05,0,1020
"1835","Zindel",2020-05-06,0.863636363636364,396
"1836","Zola",2020-01-28,13.8637254901961,1020
"1837","Zola",2020-01-29,9.08529411764706,1020
"1838","Zola",2020-01-30,5.71764705882353,1020
"1839","Zola",2020-01-31,19.6088235294118,1020
"1840","Zola",2020-02-01,0.400980392156863,1020
"1841","Zola",2020-02-02,0,1020
"1842","Zola",2020-02-03,1.83529411764706,1020
"1843","Zola",2020-02-04,33.4029411764706,1020
"1844","Zola",2020-02-05,289.914705882353,1020
"1845","Zola",2020-02-06,317.313725490196,1020
"1846","Zola",2020-02-07,322.817647058824,1020
"1847","Zola",2020-02-08,324.944117647059,1020
"1848","Zola",2020-02-09,390.513725490196,1020
"1849","Zola",2020-02-10,260.391176470588,1020
"1850","Zola",2020-02-11,274.814705882353,1020
"1851","Zola",2020-02-12,335.946078431373,1020
"1852","Zola",2020-02-13,354.950980392157,1020
"1853","Zola",2020-02-14,342.563725490196,1020
"1854","Zola",2020-02-15,391.814705882353,1020
"1855","Zola",2020-02-16,531.716666666667,1020
"1856","Zola",2020-02-17,465.745098039216,1020
"1857","Zola",2020-02-18,448.172549019608,1020
"1858","Zola",2020-02-19,453.823529411765,1020
"1859","Zola",2020-02-20,476.433333333333,1020
"1860","Zola",2020-02-21,423.536274509804,1020
"1861","Zola",2020-02-22,431.199019607843,1020
"1862","Zola",2020-02-23,562.828431372549,1020
"1863","Zola",2020-02-24,381.359803921569,1020
"1864","Zola",2020-02-25,568.403921568627,1020
"1865","Zola",2020-02-26,366.140196078431,1020
"1866","Zola",2020-02-27,285.662745098039,1020
"1867","Zola",2020-02-28,388.843137254902,1020
"1868","Zola",2020-02-29,409.885294117647,1020
"1869","Zola",2020-03-01,434.173529411765,1020
"1870","Zola",2020-03-02,463.467647058824,1020
"1871","Zola",2020-03-03,457.764705882353,1020
"1872","Zola",2020-03-04,328.111764705882,1020
"1873","Zola",2020-03-05,478.763725490196,1020
"1874","Zola",2020-03-06,372.829411764706,1020
"1875","Zola",2020-03-07,510.661764705882,1020
"1876","Zola",2020-03-08,337.169607843137,1020
"1877","Zola",2020-03-09,341.536274509804,1020
"1878","Zola",2020-03-10,396.317647058824,1020
